Location,Race Ethnicity,TimeFrame,DataFormat,Data
Colorado,All Students,2011,Percent,0.4784
Colorado,Asian,2011,Percent,0.5753
Colorado,Black,2011,Percent,0.2383
Colorado,Hawaiian/Pacific Islander,2011,Percent,0.4279
Colorado,Hispanic,2011,Percent,0.2559
Colorado,Native American,2011,Percent,0.3272
Colorado,Two or more,2011,Percent,0.5385
Colorado,White,2011,Percent,0.6097
ACADEMY 20,All Students,2011,Percent,0.6729
ACADEMY 20,Asian,2011,Percent,0.7559
ACADEMY 20,Black,2011,Percent,0.3388
ACADEMY 20,Hawaiian/Pacific Islander,2011,Percent,0.3929
ACADEMY 20,Hispanic,2011,Percent,0.5115
ACADEMY 20,Native American,2011,Percent,0.6296
ACADEMY 20,Two or more,2011,Percent,0.6681
ACADEMY 20,White,2011,Percent,0.7126
ADAMS COUNTY 14,All Students,2011,Percent,0.2174
ADAMS COUNTY 14,Asian,2011,Percent,LNE
ADAMS COUNTY 14,Black,2011,Percent,0.24
ADAMS COUNTY 14,Hawaiian/Pacific Islander,2011,Percent,LNE
ADAMS COUNTY 14,Hispanic,2011,Percent,0.1954
ADAMS COUNTY 14,Native American,2011,Percent,LNE
ADAMS COUNTY 14,Two or more,2011,Percent,LNE
ADAMS COUNTY 14,White,2011,Percent,0.3472
ADAMS-ARAPAHOE 28J,All Students,2011,Percent,0.2419
ADAMS-ARAPAHOE 28J,Asian,2011,Percent,0.3032
ADAMS-ARAPAHOE 28J,Black,2011,Percent,0.1677
ADAMS-ARAPAHOE 28J,Hawaiian/Pacific Islander,2011,Percent,0.2069
ADAMS-ARAPAHOE 28J,Hispanic,2011,Percent,0.173
ADAMS-ARAPAHOE 28J,Native American,2011,Percent,0.4182
ADAMS-ARAPAHOE 28J,Two or more,2011,Percent,0.3614
ADAMS-ARAPAHOE 28J,White,2011,Percent,0.471
AGATE 300,All Students,2011,Percent,LNE
AGATE 300,Asian,2011,Percent,LNE
AGATE 300,Black,2011,Percent,LNE
AGATE 300,Hawaiian/Pacific Islander,2011,Percent,LNE
AGATE 300,Hispanic,2011,Percent,LNE
AGATE 300,Native American,2011,Percent,LNE
AGATE 300,Two or more,2011,Percent,LNE
AGATE 300,White,2011,Percent,LNE
AGUILAR REORGANIZED 6,All Students,2011,Percent,LNE
AGUILAR REORGANIZED 6,Asian,2011,Percent,LNE
AGUILAR REORGANIZED 6,Black,2011,Percent,LNE
AGUILAR REORGANIZED 6,Hawaiian/Pacific Islander,2011,Percent,LNE
AGUILAR REORGANIZED 6,Hispanic,2011,Percent,LNE
AGUILAR REORGANIZED 6,Native American,2011,Percent,LNE
AGUILAR REORGANIZED 6,Two or more,2011,Percent,LNE
AGUILAR REORGANIZED 6,White,2011,Percent,LNE
AKRON R-1,All Students,2011,Percent,0.5122
AKRON R-1,Asian,2011,Percent,LNE
AKRON R-1,Black,2011,Percent,LNE
AKRON R-1,Hawaiian/Pacific Islander,2011,Percent,LNE
AKRON R-1,Hispanic,2011,Percent,LNE
AKRON R-1,Native American,2011,Percent,LNE
AKRON R-1,Two or more,2011,Percent,LNE
AKRON R-1,White,2011,Percent,0.5132
ALAMOSA RE-11J,All Students,2011,Percent,0.3607
ALAMOSA RE-11J,Asian,2011,Percent,LNE
ALAMOSA RE-11J,Black,2011,Percent,LNE
ALAMOSA RE-11J,Hawaiian/Pacific Islander,2011,Percent,LNE
ALAMOSA RE-11J,Hispanic,2011,Percent,0.2248
ALAMOSA RE-11J,Native American,2011,Percent,LNE
ALAMOSA RE-11J,Two or more,2011,Percent,LNE
ALAMOSA RE-11J,White,2011,Percent,0.5806
ARCHULETA COUNTY 50 JT,All Students,2011,Percent,0.5151
ARCHULETA COUNTY 50 JT,Asian,2011,Percent,LNE
ARCHULETA COUNTY 50 JT,Black,2011,Percent,LNE
ARCHULETA COUNTY 50 JT,Hawaiian/Pacific Islander,2011,Percent,LNE
ARCHULETA COUNTY 50 JT,Hispanic,2011,Percent,0.2969
ARCHULETA COUNTY 50 JT,Native American,2011,Percent,LNE
ARCHULETA COUNTY 50 JT,Two or more,2011,Percent,LNE
ARCHULETA COUNTY 50 JT,White,2011,Percent,0.5836
ARICKAREE R-2,All Students,2011,Percent,0.6667
ARICKAREE R-2,Asian,2011,Percent,LNE
ARICKAREE R-2,Black,2011,Percent,LNE
ARICKAREE R-2,Hawaiian/Pacific Islander,2011,Percent,LNE
ARICKAREE R-2,Hispanic,2011,Percent,LNE
ARICKAREE R-2,Native American,2011,Percent,LNE
ARICKAREE R-2,Two or more,2011,Percent,LNE
ARICKAREE R-2,White,2011,Percent,0.7059
ARRIBA-FLAGLER C-20,All Students,2011,Percent,0.4667
ARRIBA-FLAGLER C-20,Asian,2011,Percent,LNE
ARRIBA-FLAGLER C-20,Black,2011,Percent,LNE
ARRIBA-FLAGLER C-20,Hawaiian/Pacific Islander,2011,Percent,LNE
ARRIBA-FLAGLER C-20,Hispanic,2011,Percent,LNE
ARRIBA-FLAGLER C-20,Native American,2011,Percent,LNE
ARRIBA-FLAGLER C-20,Two or more,2011,Percent,LNE
ARRIBA-FLAGLER C-20,White,2011,Percent,0.4667
ASPEN 1,All Students,2011,Percent,0.6971
ASPEN 1,Asian,2011,Percent,LNE
ASPEN 1,Black,2011,Percent,LNE
ASPEN 1,Hawaiian/Pacific Islander,2011,Percent,LNE
ASPEN 1,Hispanic,2011,Percent,0.381
ASPEN 1,Native American,2011,Percent,LNE
ASPEN 1,Two or more,2011,Percent,LNE
ASPEN 1,White,2011,Percent,0.7455
AULT-HIGHLAND RE-9,All Students,2011,Percent,0.3647
AULT-HIGHLAND RE-9,Asian,2011,Percent,LNE
AULT-HIGHLAND RE-9,Black,2011,Percent,LNE
AULT-HIGHLAND RE-9,Hawaiian/Pacific Islander,2011,Percent,LNE
AULT-HIGHLAND RE-9,Hispanic,2011,Percent,0.1724
AULT-HIGHLAND RE-9,Native American,2011,Percent,LNE
AULT-HIGHLAND RE-9,Two or more,2011,Percent,LNE
AULT-HIGHLAND RE-9,White,2011,Percent,0.4623
BAYFIELD 10 JT-R,All Students,2011,Percent,0.5714
BAYFIELD 10 JT-R,Asian,2011,Percent,LNE
BAYFIELD 10 JT-R,Black,2011,Percent,LNE
BAYFIELD 10 JT-R,Hawaiian/Pacific Islander,2011,Percent,LNE
BAYFIELD 10 JT-R,Hispanic,2011,Percent,0.4545
BAYFIELD 10 JT-R,Native American,2011,Percent,LNE
BAYFIELD 10 JT-R,Two or more,2011,Percent,LNE
BAYFIELD 10 JT-R,White,2011,Percent,0.6082
BENNETT 29J,All Students,2011,Percent,0.5122
BENNETT 29J,Asian,2011,Percent,LNE
BENNETT 29J,Black,2011,Percent,LNE
BENNETT 29J,Hawaiian/Pacific Islander,2011,Percent,LNE
BENNETT 29J,Hispanic,2011,Percent,0.3636
BENNETT 29J,Native American,2011,Percent,LNE
BENNETT 29J,Two or more,2011,Percent,LNE
BENNETT 29J,White,2011,Percent,0.5544
BETHUNE R-5,All Students,2011,Percent,0.5
BETHUNE R-5,Asian,2011,Percent,LNE
BETHUNE R-5,Black,2011,Percent,LNE
BETHUNE R-5,Hawaiian/Pacific Islander,2011,Percent,LNE
BETHUNE R-5,Hispanic,2011,Percent,LNE
BETHUNE R-5,Native American,2011,Percent,LNE
BETHUNE R-5,Two or more,2011,Percent,LNE
BETHUNE R-5,White,2011,Percent,0.5556
BIG SANDY 100J,All Students,2011,Percent,0.5634
BIG SANDY 100J,Asian,2011,Percent,LNE
BIG SANDY 100J,Black,2011,Percent,LNE
BIG SANDY 100J,Hawaiian/Pacific Islander,2011,Percent,LNE
BIG SANDY 100J,Hispanic,2011,Percent,LNE
BIG SANDY 100J,Native American,2011,Percent,LNE
BIG SANDY 100J,Two or more,2011,Percent,LNE
BIG SANDY 100J,White,2011,Percent,0.6
BOULDER VALLEY RE 2,All Students,2011,Percent,0.6569
BOULDER VALLEY RE 2,Asian,2011,Percent,0.6883
BOULDER VALLEY RE 2,Black,2011,Percent,0.4
BOULDER VALLEY RE 2,Hawaiian/Pacific Islander,2011,Percent,LNE
BOULDER VALLEY RE 2,Hispanic,2011,Percent,0.3191
BOULDER VALLEY RE 2,Native American,2011,Percent,0.3571
BOULDER VALLEY RE 2,Two or more,2011,Percent,0.7004
BOULDER VALLEY RE 2,White,2011,Percent,0.7271
BRANSON REORGANIZED 82,All Students,2011,Percent,0.4272
BRANSON REORGANIZED 82,Asian,2011,Percent,LNE
BRANSON REORGANIZED 82,Black,2011,Percent,LNE
BRANSON REORGANIZED 82,Hawaiian/Pacific Islander,2011,Percent,LNE
BRANSON REORGANIZED 82,Hispanic,2011,Percent,0.4118
BRANSON REORGANIZED 82,Native American,2011,Percent,LNE
BRANSON REORGANIZED 82,Two or more,2011,Percent,LNE
BRANSON REORGANIZED 82,White,2011,Percent,0.4286
BRIGGSDALE RE-10,All Students,2011,Percent,0.8065
BRIGGSDALE RE-10,Asian,2011,Percent,LNE
BRIGGSDALE RE-10,Black,2011,Percent,LNE
BRIGGSDALE RE-10,Hawaiian/Pacific Islander,2011,Percent,LNE
BRIGGSDALE RE-10,Hispanic,2011,Percent,LNE
BRIGGSDALE RE-10,Native American,2011,Percent,LNE
BRIGGSDALE RE-10,Two or more,2011,Percent,LNE
BRIGGSDALE RE-10,White,2011,Percent,0.8519
BRIGHTON 27J,All Students,2011,Percent,0.3868
BRIGHTON 27J,Asian,2011,Percent,0.4699
BRIGHTON 27J,Black,2011,Percent,0.25
BRIGHTON 27J,Hawaiian/Pacific Islander,2011,Percent,LNE
BRIGHTON 27J,Hispanic,2011,Percent,0.2583
BRIGHTON 27J,Native American,2011,Percent,LNE
BRIGHTON 27J,Two or more,2011,Percent,0.4923
BRIGHTON 27J,White,2011,Percent,0.5077
BRUSH RE-2(J),All Students,2011,Percent,0.3919
BRUSH RE-2(J),Asian,2011,Percent,LNE
BRUSH RE-2(J),Black,2011,Percent,LNE
BRUSH RE-2(J),Hawaiian/Pacific Islander,2011,Percent,LNE
BRUSH RE-2(J),Hispanic,2011,Percent,0.236
BRUSH RE-2(J),Native American,2011,Percent,LNE
BRUSH RE-2(J),Two or more,2011,Percent,LNE
BRUSH RE-2(J),White,2011,Percent,0.5625
BUENA VISTA R-31,All Students,2011,Percent,0.5677
BUENA VISTA R-31,Asian,2011,Percent,LNE
BUENA VISTA R-31,Black,2011,Percent,LNE
BUENA VISTA R-31,Hawaiian/Pacific Islander,2011,Percent,LNE
BUENA VISTA R-31,Hispanic,2011,Percent,0.4483
BUENA VISTA R-31,Native American,2011,Percent,LNE
BUENA VISTA R-31,Two or more,2011,Percent,LNE
BUENA VISTA R-31,White,2011,Percent,0.5936
BUFFALO RE-4,All Students,2011,Percent,0.5915
BUFFALO RE-4,Asian,2011,Percent,LNE
BUFFALO RE-4,Black,2011,Percent,LNE
BUFFALO RE-4,Hawaiian/Pacific Islander,2011,Percent,LNE
BUFFALO RE-4,Hispanic,2011,Percent,LNE
BUFFALO RE-4,Native American,2011,Percent,LNE
BUFFALO RE-4,Two or more,2011,Percent,LNE
BUFFALO RE-4,White,2011,Percent,0.629
BURLINGTON RE-6J,All Students,2011,Percent,0.2938
BURLINGTON RE-6J,Asian,2011,Percent,LNE
BURLINGTON RE-6J,Black,2011,Percent,LNE
BURLINGTON RE-6J,Hawaiian/Pacific Islander,2011,Percent,LNE
BURLINGTON RE-6J,Hispanic,2011,Percent,0.0833
BURLINGTON RE-6J,Native American,2011,Percent,LNE
BURLINGTON RE-6J,Two or more,2011,Percent,LNE
BURLINGTON RE-6J,White,2011,Percent,0.4227
BYERS 32J,All Students,2011,Percent,0.5714
BYERS 32J,Asian,2011,Percent,LNE
BYERS 32J,Black,2011,Percent,LNE
BYERS 32J,Hawaiian/Pacific Islander,2011,Percent,LNE
BYERS 32J,Hispanic,2011,Percent,LNE
BYERS 32J,Native American,2011,Percent,LNE
BYERS 32J,Two or more,2011,Percent,LNE
BYERS 32J,White,2011,Percent,0.5773
CALHAN RJ-1,All Students,2011,Percent,0.5369
CALHAN RJ-1,Asian,2011,Percent,LNE
CALHAN RJ-1,Black,2011,Percent,LNE
CALHAN RJ-1,Hawaiian/Pacific Islander,2011,Percent,LNE
CALHAN RJ-1,Hispanic,2011,Percent,0.5882
CALHAN RJ-1,Native American,2011,Percent,LNE
CALHAN RJ-1,Two or more,2011,Percent,LNE
CALHAN RJ-1,White,2011,Percent,0.5583
CAMPO RE-6,All Students,2011,Percent,LNE
CAMPO RE-6,Asian,2011,Percent,LNE
CAMPO RE-6,Black,2011,Percent,LNE
CAMPO RE-6,Hawaiian/Pacific Islander,2011,Percent,LNE
CAMPO RE-6,Hispanic,2011,Percent,LNE
CAMPO RE-6,Native American,2011,Percent,LNE
CAMPO RE-6,Two or more,2011,Percent,LNE
CAMPO RE-6,White,2011,Percent,LNE
CANON CITY RE-1,All Students,2011,Percent,0.4329
CANON CITY RE-1,Asian,2011,Percent,LNE
CANON CITY RE-1,Black,2011,Percent,LNE
CANON CITY RE-1,Hawaiian/Pacific Islander,2011,Percent,LNE
CANON CITY RE-1,Hispanic,2011,Percent,0.3333
CANON CITY RE-1,Native American,2011,Percent,LNE
CANON CITY RE-1,Two or more,2011,Percent,LNE
CANON CITY RE-1,White,2011,Percent,0.4464
CENTENNIAL R-1,All Students,2011,Percent,0.1852
CENTENNIAL R-1,Asian,2011,Percent,LNE
CENTENNIAL R-1,Black,2011,Percent,LNE
CENTENNIAL R-1,Hawaiian/Pacific Islander,2011,Percent,LNE
CENTENNIAL R-1,Hispanic,2011,Percent,0.1961
CENTENNIAL R-1,Native American,2011,Percent,LNE
CENTENNIAL R-1,Two or more,2011,Percent,LNE
CENTENNIAL R-1,White,2011,Percent,LNE
CENTER 26 JT,All Students,2011,Percent,0.2727
CENTER 26 JT,Asian,2011,Percent,LNE
CENTER 26 JT,Black,2011,Percent,LNE
CENTER 26 JT,Hawaiian/Pacific Islander,2011,Percent,LNE
CENTER 26 JT,Hispanic,2011,Percent,0.25
CENTER 26 JT,Native American,2011,Percent,LNE
CENTER 26 JT,Two or more,2011,Percent,LNE
CENTER 26 JT,White,2011,Percent,LNE
CHERAW 31,All Students,2011,Percent,0.5532
CHERAW 31,Asian,2011,Percent,LNE
CHERAW 31,Black,2011,Percent,LNE
CHERAW 31,Hawaiian/Pacific Islander,2011,Percent,LNE
CHERAW 31,Hispanic,2011,Percent,LNE
CHERAW 31,Native American,2011,Percent,LNE
CHERAW 31,Two or more,2011,Percent,LNE
CHERAW 31,White,2011,Percent,0.6757
CHERRY CREEK 5,All Students,2011,Percent,0.5646
CHERRY CREEK 5,Asian,2011,Percent,0.6595
CHERRY CREEK 5,Black,2011,Percent,0.2799
CHERRY CREEK 5,Hawaiian/Pacific Islander,2011,Percent,0.4848
CHERRY CREEK 5,Hispanic,2011,Percent,0.3834
CHERRY CREEK 5,Native American,2011,Percent,0.4429
CHERRY CREEK 5,Two or more,2011,Percent,0.6235
CHERRY CREEK 5,White,2011,Percent,0.6689
CHEYENNE COUNTY RE-5,All Students,2011,Percent,0.2955
CHEYENNE COUNTY RE-5,Asian,2011,Percent,LNE
CHEYENNE COUNTY RE-5,Black,2011,Percent,LNE
CHEYENNE COUNTY RE-5,Hawaiian/Pacific Islander,2011,Percent,LNE
CHEYENNE COUNTY RE-5,Hispanic,2011,Percent,LNE
CHEYENNE COUNTY RE-5,Native American,2011,Percent,LNE
CHEYENNE COUNTY RE-5,Two or more,2011,Percent,LNE
CHEYENNE COUNTY RE-5,White,2011,Percent,0.325
CHEYENNE MOUNTAIN 12,All Students,2011,Percent,0.7022
CHEYENNE MOUNTAIN 12,Asian,2011,Percent,0.6944
CHEYENNE MOUNTAIN 12,Black,2011,Percent,0.3846
CHEYENNE MOUNTAIN 12,Hawaiian/Pacific Islander,2011,Percent,LNE
CHEYENNE MOUNTAIN 12,Hispanic,2011,Percent,0.582
CHEYENNE MOUNTAIN 12,Native American,2011,Percent,LNE
CHEYENNE MOUNTAIN 12,Two or more,2011,Percent,0.6207
CHEYENNE MOUNTAIN 12,White,2011,Percent,0.7376
CLEAR CREEK RE-1,All Students,2011,Percent,0.561
CLEAR CREEK RE-1,Asian,2011,Percent,LNE
CLEAR CREEK RE-1,Black,2011,Percent,LNE
CLEAR CREEK RE-1,Hawaiian/Pacific Islander,2011,Percent,LNE
CLEAR CREEK RE-1,Hispanic,2011,Percent,LNE
CLEAR CREEK RE-1,Native American,2011,Percent,LNE
CLEAR CREEK RE-1,Two or more,2011,Percent,LNE
CLEAR CREEK RE-1,White,2011,Percent,0.5989
COLORADO SPRINGS 11,All Students,2011,Percent,0.4304
COLORADO SPRINGS 11,Asian,2011,Percent,0.5385
COLORADO SPRINGS 11,Black,2011,Percent,0.1773
COLORADO SPRINGS 11,Hawaiian/Pacific Islander,2011,Percent,0.2105
COLORADO SPRINGS 11,Hispanic,2011,Percent,0.2701
COLORADO SPRINGS 11,Native American,2011,Percent,0.1964
COLORADO SPRINGS 11,Two or more,2011,Percent,0.4597
COLORADO SPRINGS 11,White,2011,Percent,0.5426
COTOPAXI RE-3,All Students,2011,Percent,0.381
COTOPAXI RE-3,Asian,2011,Percent,LNE
COTOPAXI RE-3,Black,2011,Percent,LNE
COTOPAXI RE-3,Hawaiian/Pacific Islander,2011,Percent,LNE
COTOPAXI RE-3,Hispanic,2011,Percent,LNE
COTOPAXI RE-3,Native American,2011,Percent,LNE
COTOPAXI RE-3,Two or more,2011,Percent,LNE
COTOPAXI RE-3,White,2011,Percent,0.3611
CREEDE CONSOLIDATED 1,All Students,2011,Percent,LNE
CREEDE CONSOLIDATED 1,Asian,2011,Percent,LNE
CREEDE CONSOLIDATED 1,Black,2011,Percent,LNE
CREEDE CONSOLIDATED 1,Hawaiian/Pacific Islander,2011,Percent,LNE
CREEDE CONSOLIDATED 1,Hispanic,2011,Percent,LNE
CREEDE CONSOLIDATED 1,Native American,2011,Percent,LNE
CREEDE CONSOLIDATED 1,Two or more,2011,Percent,LNE
CREEDE CONSOLIDATED 1,White,2011,Percent,LNE
KARVAL RE-23,All Students,2011,Percent,0.1698
HUERFANO RE-1,All Students,2011,Percent,0.243
MIAMI/YODER 60 JT,All Students,2011,Percent,0.2651
MAPLETON 1,All Students,2011,Percent,0.2656
LAS ANIMAS RE-1,All Students,2011,Percent,0.2667
DENVER COUNTY 1,All Students,2011,Percent,0.2746
MANZANOLA 3J,All Students,2011,Percent,0.2917
MONTE VISTA C-8,All Students,2011,Percent,0.2969
ENGLEWOOD 1,All Students,2011,Percent,0.2997
MONTEZUMA-CORTEZ RE-1,All Students,2011,Percent,0.3009
GREELEY 6,All Students,2011,Percent,0.3044
LAKE COUNTY R-1,All Students,2011,Percent,0.3168
GRANADA RE-1,All Students,2011,Percent,0.3226
IGNACIO 11 JT,All Students,2011,Percent,0.3245
JULESBURG RE-1,All Students,2011,Percent,0.3279
FORT MORGAN RE-3,All Students,2011,Percent,0.3314
GARFIELD 16,All Students,2011,Percent,0.3376
HOLLY RE-3,All Students,2011,Percent,0.339
HANOVER 28,All Students,2011,Percent,0.3462
HI-PLAINS R-23,All Students,2011,Percent,0.3571
HARRISON 2,All Students,2011,Percent,0.3589
EAST OTERO R-1,All Students,2011,Percent,0.3614
FLORENCE RE-2,All Students,2011,Percent,0.3629
DOLORES COUNTY RE NO.2,All Students,2011,Percent,0.3696
LIBERTY SCHOOL DISTRICT J-4,All Students,2011,Percent,0.375
GARFIELD RE-2,All Students,2011,Percent,0.3852
CRIPPLE CREEK-VICTOR RE-1,All Students,2011,Percent,0.3855
GENOA-HUGO C113,All Students,2011,Percent,0.3871
MOFFAT 2,All Students,2011,Percent,0.3958
ELLICOTT 22,All Students,2011,Percent,0.3962
MONTROSE COUNTY RE-1J,All Students,2011,Percent,0.4126
KEENESBURG RE-3(J),All Students,2011,Percent,0.4148
HAXTUN RE-2J,All Students,2011,Percent,0.4267
IDALIA SCHOOL DISTRICT RJ-3,All Students,2011,Percent,0.4286
MOFFAT COUNTY RE:NO 1,All Students,2011,Percent,0.4325
EAST GRAND 2,All Students,2011,Percent,0.443
LAMAR RE-2,All Students,2011,Percent,0.4448
GILPIN COUNTY RE-1,All Students,2011,Percent,0.4458
MC CLAVE RE-2,All Students,2011,Percent,0.4545
JOHNSTOWN-MILLIKEN RE-5J,All Students,2011,Percent,0.4556
CROWLEY COUNTY RE-1-J,All Students,2011,Percent,0.4587
HAYDEN RE-1,All Students,2011,Percent,0.4767
MESA COUNTY VALLEY 51,All Students,2011,Percent,0.4818
DELTA COUNTY 50(J),All Students,2011,Percent,0.4836
DEL NORTE C-7,All Students,2011,Percent,0.4844
FOUNTAIN 8,All Students,2011,Percent,0.5
HOLYOKE RE-1J,All Students,2011,Percent,0.5046
FOWLER R-4J,All Students,2011,Percent,0.5109
EAGLE COUNTY RE 50,All Students,2011,Percent,0.5128
FALCON 49,All Students,2011,Percent,0.5147
FRENCHMAN RE-3,All Students,2011,Percent,0.5217
MANITOU SPRINGS 14,All Students,2011,Percent,0.5235
DEER TRAIL 26J,All Students,2011,Percent,0.5263
KIM REORGANIZED 88,All Students,2011,Percent,0.5263
CUSTER COUNTY SCHOOL DISTRICT C-1,All Students,2011,Percent,0.5398
MEEKER RE1,All Students,2011,Percent,0.5441
KIT CARSON R-1,All Students,2011,Percent,0.5455
HOEHNE REORGANIZED 3,All Students,2011,Percent,0.5581
KIOWA C-2,All Students,2011,Percent,0.5747
JEFFERSON COUNTY R-1,All Students,2011,Percent,0.5758
ELBERT 200,All Students,2011,Percent,0.5806
DOLORES RE-4A,All Students,2011,Percent,0.5833
GUNNISON WATERSHED RE1J,All Students,2011,Percent,0.5852
DOUGLAS COUNTY RE 1,All Students,2011,Percent,0.5926
LIMON RE-4J,All Students,2011,Percent,0.602
DURANGO 9-R,All Students,2011,Percent,0.6022
LA VETA RE-2,All Students,2011,Percent,0.6038
ELIZABETH C-1,All Students,2011,Percent,0.618
EATON RE-2,All Students,2011,Percent,0.6244
MANCOS RE-6,All Students,2011,Percent,0.6329
LONE STAR 101,All Students,2011,Percent,0.6429
LITTLETON 6,All Students,2011,Percent,0.6539
EADS RE-1,All Students,2011,Percent,0.6585
LEWIS-PALMER 38,All Students,2011,Percent,0.7084
EDISON 54 JT,All Students,2011,Percent,0.7333
DE BEQUE 49JT,All Students,2011,Percent,LNE
HINSDALE COUNTY RE 1,All Students,2011,Percent,LNE
EAST YUMA COUNTY RJ-2,All Students,2011,Percent,N/A
GREELEY 6,Asian,2011,Percent,0.1552
DENVER COUNTY 1,Asian,2011,Percent,0.3578
HARRISON 2,Asian,2011,Percent,0.4835
FALCON 49,Asian,2011,Percent,0.5259
LEWIS-PALMER 38,Asian,2011,Percent,0.6061
MESA COUNTY VALLEY 51,Asian,2011,Percent,0.625
JEFFERSON COUNTY R-1,Asian,2011,Percent,0.626
LITTLETON 6,Asian,2011,Percent,0.6569
DOUGLAS COUNTY RE 1,Asian,2011,Percent,0.672
CRIPPLE CREEK-VICTOR RE-1,Asian,2011,Percent,LNE
CROWLEY COUNTY RE-1-J,Asian,2011,Percent,LNE
CUSTER COUNTY SCHOOL DISTRICT C-1,Asian,2011,Percent,LNE
DE BEQUE 49JT,Asian,2011,Percent,LNE
DEER TRAIL 26J,Asian,2011,Percent,LNE
DEL NORTE C-7,Asian,2011,Percent,LNE
DELTA COUNTY 50(J),Asian,2011,Percent,LNE
DOLORES COUNTY RE NO.2,Asian,2011,Percent,LNE
DOLORES RE-4A,Asian,2011,Percent,LNE
DURANGO 9-R,Asian,2011,Percent,LNE
EADS RE-1,Asian,2011,Percent,LNE
EAGLE COUNTY RE 50,Asian,2011,Percent,LNE
EAST GRAND 2,Asian,2011,Percent,LNE
EAST OTERO R-1,Asian,2011,Percent,LNE
EATON RE-2,Asian,2011,Percent,LNE
EDISON 54 JT,Asian,2011,Percent,LNE
ELBERT 200,Asian,2011,Percent,LNE
ELIZABETH C-1,Asian,2011,Percent,LNE
ELLICOTT 22,Asian,2011,Percent,LNE
ENGLEWOOD 1,Asian,2011,Percent,LNE
FLORENCE RE-2,Asian,2011,Percent,LNE
FORT MORGAN RE-3,Asian,2011,Percent,LNE
FOUNTAIN 8,Asian,2011,Percent,LNE
FOWLER R-4J,Asian,2011,Percent,LNE
FRENCHMAN RE-3,Asian,2011,Percent,LNE
GARFIELD 16,Asian,2011,Percent,LNE
GARFIELD RE-2,Asian,2011,Percent,LNE
GENOA-HUGO C113,Asian,2011,Percent,LNE
GILPIN COUNTY RE-1,Asian,2011,Percent,LNE
GRANADA RE-1,Asian,2011,Percent,LNE
GUNNISON WATERSHED RE1J,Asian,2011,Percent,LNE
HANOVER 28,Asian,2011,Percent,LNE
HAXTUN RE-2J,Asian,2011,Percent,LNE
HAYDEN RE-1,Asian,2011,Percent,LNE
HINSDALE COUNTY RE 1,Asian,2011,Percent,LNE
HI-PLAINS R-23,Asian,2011,Percent,LNE
HOEHNE REORGANIZED 3,Asian,2011,Percent,LNE
HOLLY RE-3,Asian,2011,Percent,LNE
HOLYOKE RE-1J,Asian,2011,Percent,LNE
HUERFANO RE-1,Asian,2011,Percent,LNE
IDALIA SCHOOL DISTRICT RJ-3,Asian,2011,Percent,LNE
IGNACIO 11 JT,Asian,2011,Percent,LNE
JOHNSTOWN-MILLIKEN RE-5J,Asian,2011,Percent,LNE
JULESBURG RE-1,Asian,2011,Percent,LNE
KARVAL RE-23,Asian,2011,Percent,LNE
KEENESBURG RE-3(J),Asian,2011,Percent,LNE
KIM REORGANIZED 88,Asian,2011,Percent,LNE
KIOWA C-2,Asian,2011,Percent,LNE
KIT CARSON R-1,Asian,2011,Percent,LNE
LA VETA RE-2,Asian,2011,Percent,LNE
LAKE COUNTY R-1,Asian,2011,Percent,LNE
LAMAR RE-2,Asian,2011,Percent,LNE
LAS ANIMAS RE-1,Asian,2011,Percent,LNE
LIBERTY SCHOOL DISTRICT J-4,Asian,2011,Percent,LNE
LIMON RE-4J,Asian,2011,Percent,LNE
LONE STAR 101,Asian,2011,Percent,LNE
MANCOS RE-6,Asian,2011,Percent,LNE
MANITOU SPRINGS 14,Asian,2011,Percent,LNE
MANZANOLA 3J,Asian,2011,Percent,LNE
MAPLETON 1,Asian,2011,Percent,LNE
MC CLAVE RE-2,Asian,2011,Percent,LNE
MEEKER RE1,Asian,2011,Percent,LNE
MIAMI/YODER 60 JT,Asian,2011,Percent,LNE
MOFFAT 2,Asian,2011,Percent,LNE
MOFFAT COUNTY RE:NO 1,Asian,2011,Percent,LNE
MONTE VISTA C-8,Asian,2011,Percent,LNE
MONTEZUMA-CORTEZ RE-1,Asian,2011,Percent,LNE
MONTROSE COUNTY RE-1J,Asian,2011,Percent,LNE
EAST YUMA COUNTY RJ-2,Asian,2011,Percent,N/A
DENVER COUNTY 1,Black,2011,Percent,0.1664
ENGLEWOOD 1,Black,2011,Percent,0.1818
MAPLETON 1,Black,2011,Percent,0.2083
DOUGLAS COUNTY RE 1,Black,2011,Percent,0.2411
GREELEY 6,Black,2011,Percent,0.2576
HARRISON 2,Black,2011,Percent,0.2774
MESA COUNTY VALLEY 51,Black,2011,Percent,0.2791
JEFFERSON COUNTY R-1,Black,2011,Percent,0.2877
LITTLETON 6,Black,2011,Percent,0.3488
FALCON 49,Black,2011,Percent,0.3504
FOUNTAIN 8,Black,2011,Percent,0.3684
EAST YUMA COUNTY RJ-2,Black,2011,Percent,N/A
CRIPPLE CREEK-VICTOR RE-1,Black,2011,Percent,LNE
CROWLEY COUNTY RE-1-J,Black,2011,Percent,LNE
CUSTER COUNTY SCHOOL DISTRICT C-1,Black,2011,Percent,LNE
DE BEQUE 49JT,Black,2011,Percent,LNE
DEER TRAIL 26J,Black,2011,Percent,LNE
DEL NORTE C-7,Black,2011,Percent,LNE
DELTA COUNTY 50(J),Black,2011,Percent,LNE
DOLORES COUNTY RE NO.2,Black,2011,Percent,LNE
DOLORES RE-4A,Black,2011,Percent,LNE
DURANGO 9-R,Black,2011,Percent,LNE
EADS RE-1,Black,2011,Percent,LNE
EAGLE COUNTY RE 50,Black,2011,Percent,LNE
EAST GRAND 2,Black,2011,Percent,LNE
EAST OTERO R-1,Black,2011,Percent,LNE
EATON RE-2,Black,2011,Percent,LNE
EDISON 54 JT,Black,2011,Percent,LNE
ELBERT 200,Black,2011,Percent,LNE
ELIZABETH C-1,Black,2011,Percent,LNE
ELLICOTT 22,Black,2011,Percent,LNE
FLORENCE RE-2,Black,2011,Percent,LNE
FORT MORGAN RE-3,Black,2011,Percent,LNE
FOWLER R-4J,Black,2011,Percent,LNE
FRENCHMAN RE-3,Black,2011,Percent,LNE
GARFIELD 16,Black,2011,Percent,LNE
GARFIELD RE-2,Black,2011,Percent,LNE
GENOA-HUGO C113,Black,2011,Percent,LNE
GILPIN COUNTY RE-1,Black,2011,Percent,LNE
GRANADA RE-1,Black,2011,Percent,LNE
GUNNISON WATERSHED RE1J,Black,2011,Percent,LNE
HANOVER 28,Black,2011,Percent,LNE
HAXTUN RE-2J,Black,2011,Percent,LNE
HAYDEN RE-1,Black,2011,Percent,LNE
HINSDALE COUNTY RE 1,Black,2011,Percent,LNE
HI-PLAINS R-23,Black,2011,Percent,LNE
HOEHNE REORGANIZED 3,Black,2011,Percent,LNE
HOLLY RE-3,Black,2011,Percent,LNE
HOLYOKE RE-1J,Black,2011,Percent,LNE
HUERFANO RE-1,Black,2011,Percent,LNE
IDALIA SCHOOL DISTRICT RJ-3,Black,2011,Percent,LNE
IGNACIO 11 JT,Black,2011,Percent,LNE
JOHNSTOWN-MILLIKEN RE-5J,Black,2011,Percent,LNE
JULESBURG RE-1,Black,2011,Percent,LNE
KARVAL RE-23,Black,2011,Percent,LNE
KEENESBURG RE-3(J),Black,2011,Percent,LNE
KIM REORGANIZED 88,Black,2011,Percent,LNE
KIOWA C-2,Black,2011,Percent,LNE
KIT CARSON R-1,Black,2011,Percent,LNE
LA VETA RE-2,Black,2011,Percent,LNE
LAKE COUNTY R-1,Black,2011,Percent,LNE
LAMAR RE-2,Black,2011,Percent,LNE
LAS ANIMAS RE-1,Black,2011,Percent,LNE
LEWIS-PALMER 38,Black,2011,Percent,LNE
LIBERTY SCHOOL DISTRICT J-4,Black,2011,Percent,LNE
LIMON RE-4J,Black,2011,Percent,LNE
LONE STAR 101,Black,2011,Percent,LNE
MANCOS RE-6,Black,2011,Percent,LNE
MANITOU SPRINGS 14,Black,2011,Percent,LNE
MANZANOLA 3J,Black,2011,Percent,LNE
MC CLAVE RE-2,Black,2011,Percent,LNE
MEEKER RE1,Black,2011,Percent,LNE
MIAMI/YODER 60 JT,Black,2011,Percent,LNE
MOFFAT 2,Black,2011,Percent,LNE
MOFFAT COUNTY RE:NO 1,Black,2011,Percent,LNE
MONTE VISTA C-8,Black,2011,Percent,LNE
MONTEZUMA-CORTEZ RE-1,Black,2011,Percent,LNE
MONTROSE COUNTY RE-1J,Black,2011,Percent,LNE
DENVER COUNTY 1,Hawaiian/Pacific Islander,2011,Percent,0.25
JEFFERSON COUNTY R-1,Hawaiian/Pacific Islander,2011,Percent,0.4118
DOUGLAS COUNTY RE 1,Hawaiian/Pacific Islander,2011,Percent,0.5294
EAST YUMA COUNTY RJ-2,Hawaiian/Pacific Islander,2011,Percent,N/A
CRIPPLE CREEK-VICTOR RE-1,Hawaiian/Pacific Islander,2011,Percent,LNE
CROWLEY COUNTY RE-1-J,Hawaiian/Pacific Islander,2011,Percent,LNE
CUSTER COUNTY SCHOOL DISTRICT C-1,Hawaiian/Pacific Islander,2011,Percent,LNE
DE BEQUE 49JT,Hawaiian/Pacific Islander,2011,Percent,LNE
DEER TRAIL 26J,Hawaiian/Pacific Islander,2011,Percent,LNE
DEL NORTE C-7,Hawaiian/Pacific Islander,2011,Percent,LNE
DELTA COUNTY 50(J),Hawaiian/Pacific Islander,2011,Percent,LNE
DOLORES COUNTY RE NO.2,Hawaiian/Pacific Islander,2011,Percent,LNE
DOLORES RE-4A,Hawaiian/Pacific Islander,2011,Percent,LNE
DURANGO 9-R,Hawaiian/Pacific Islander,2011,Percent,LNE
EADS RE-1,Hawaiian/Pacific Islander,2011,Percent,LNE
EAGLE COUNTY RE 50,Hawaiian/Pacific Islander,2011,Percent,LNE
EAST GRAND 2,Hawaiian/Pacific Islander,2011,Percent,LNE
EAST OTERO R-1,Hawaiian/Pacific Islander,2011,Percent,LNE
EATON RE-2,Hawaiian/Pacific Islander,2011,Percent,LNE
EDISON 54 JT,Hawaiian/Pacific Islander,2011,Percent,LNE
ELBERT 200,Hawaiian/Pacific Islander,2011,Percent,LNE
ELIZABETH C-1,Hawaiian/Pacific Islander,2011,Percent,LNE
ELLICOTT 22,Hawaiian/Pacific Islander,2011,Percent,LNE
ENGLEWOOD 1,Hawaiian/Pacific Islander,2011,Percent,LNE
FALCON 49,Hawaiian/Pacific Islander,2011,Percent,LNE
FLORENCE RE-2,Hawaiian/Pacific Islander,2011,Percent,LNE
FORT MORGAN RE-3,Hawaiian/Pacific Islander,2011,Percent,LNE
FOUNTAIN 8,Hawaiian/Pacific Islander,2011,Percent,LNE
FOWLER R-4J,Hawaiian/Pacific Islander,2011,Percent,LNE
FRENCHMAN RE-3,Hawaiian/Pacific Islander,2011,Percent,LNE
GARFIELD 16,Hawaiian/Pacific Islander,2011,Percent,LNE
GARFIELD RE-2,Hawaiian/Pacific Islander,2011,Percent,LNE
GENOA-HUGO C113,Hawaiian/Pacific Islander,2011,Percent,LNE
GILPIN COUNTY RE-1,Hawaiian/Pacific Islander,2011,Percent,LNE
GRANADA RE-1,Hawaiian/Pacific Islander,2011,Percent,LNE
GREELEY 6,Hawaiian/Pacific Islander,2011,Percent,LNE
GUNNISON WATERSHED RE1J,Hawaiian/Pacific Islander,2011,Percent,LNE
HANOVER 28,Hawaiian/Pacific Islander,2011,Percent,LNE
HARRISON 2,Hawaiian/Pacific Islander,2011,Percent,LNE
HAXTUN RE-2J,Hawaiian/Pacific Islander,2011,Percent,LNE
HAYDEN RE-1,Hawaiian/Pacific Islander,2011,Percent,LNE
HINSDALE COUNTY RE 1,Hawaiian/Pacific Islander,2011,Percent,LNE
HI-PLAINS R-23,Hawaiian/Pacific Islander,2011,Percent,LNE
HOEHNE REORGANIZED 3,Hawaiian/Pacific Islander,2011,Percent,LNE
HOLLY RE-3,Hawaiian/Pacific Islander,2011,Percent,LNE
HOLYOKE RE-1J,Hawaiian/Pacific Islander,2011,Percent,LNE
HUERFANO RE-1,Hawaiian/Pacific Islander,2011,Percent,LNE
IDALIA SCHOOL DISTRICT RJ-3,Hawaiian/Pacific Islander,2011,Percent,LNE
IGNACIO 11 JT,Hawaiian/Pacific Islander,2011,Percent,LNE
JOHNSTOWN-MILLIKEN RE-5J,Hawaiian/Pacific Islander,2011,Percent,LNE
JULESBURG RE-1,Hawaiian/Pacific Islander,2011,Percent,LNE
KARVAL RE-23,Hawaiian/Pacific Islander,2011,Percent,LNE
KEENESBURG RE-3(J),Hawaiian/Pacific Islander,2011,Percent,LNE
KIM REORGANIZED 88,Hawaiian/Pacific Islander,2011,Percent,LNE
KIOWA C-2,Hawaiian/Pacific Islander,2011,Percent,LNE
KIT CARSON R-1,Hawaiian/Pacific Islander,2011,Percent,LNE
LA VETA RE-2,Hawaiian/Pacific Islander,2011,Percent,LNE
LAKE COUNTY R-1,Hawaiian/Pacific Islander,2011,Percent,LNE
LAMAR RE-2,Hawaiian/Pacific Islander,2011,Percent,LNE
LAS ANIMAS RE-1,Hawaiian/Pacific Islander,2011,Percent,LNE
LEWIS-PALMER 38,Hawaiian/Pacific Islander,2011,Percent,LNE
LIBERTY SCHOOL DISTRICT J-4,Hawaiian/Pacific Islander,2011,Percent,LNE
LIMON RE-4J,Hawaiian/Pacific Islander,2011,Percent,LNE
LITTLETON 6,Hawaiian/Pacific Islander,2011,Percent,LNE
LONE STAR 101,Hawaiian/Pacific Islander,2011,Percent,LNE
MANCOS RE-6,Hawaiian/Pacific Islander,2011,Percent,LNE
MANITOU SPRINGS 14,Hawaiian/Pacific Islander,2011,Percent,LNE
MANZANOLA 3J,Hawaiian/Pacific Islander,2011,Percent,LNE
MAPLETON 1,Hawaiian/Pacific Islander,2011,Percent,LNE
MC CLAVE RE-2,Hawaiian/Pacific Islander,2011,Percent,LNE
MEEKER RE1,Hawaiian/Pacific Islander,2011,Percent,LNE
MESA COUNTY VALLEY 51,Hawaiian/Pacific Islander,2011,Percent,LNE
MIAMI/YODER 60 JT,Hawaiian/Pacific Islander,2011,Percent,LNE
MOFFAT 2,Hawaiian/Pacific Islander,2011,Percent,LNE
MOFFAT COUNTY RE:NO 1,Hawaiian/Pacific Islander,2011,Percent,LNE
MONTE VISTA C-8,Hawaiian/Pacific Islander,2011,Percent,LNE
MONTEZUMA-CORTEZ RE-1,Hawaiian/Pacific Islander,2011,Percent,LNE
MONTROSE COUNTY RE-1J,Hawaiian/Pacific Islander,2011,Percent,LNE
GREELEY 6,Hispanic,2011,Percent,0.0294
HUERFANO RE-1,Hispanic,2011,Percent,0.1286
LAS ANIMAS RE-1,Hispanic,2011,Percent,0.1311
HOLLY RE-3,Hispanic,2011,Percent,0.1379
MAPLETON 1,Hispanic,2011,Percent,0.167
DENVER COUNTY 1,Hispanic,2011,Percent,0.1731
ENGLEWOOD 1,Hispanic,2011,Percent,0.177
ELLICOTT 22,Hispanic,2011,Percent,0.1778
GRANADA RE-1,Hispanic,2011,Percent,0.1784
LAKE COUNTY R-1,Hispanic,2011,Percent,0.1791
JULESBURG RE-1,Hispanic,2011,Percent,0.1818
MOFFAT COUNTY RE:NO 1,Hispanic,2011,Percent,0.1852
MC CLAVE RE-2,Hispanic,2011,Percent,0.1905
MONTROSE COUNTY RE-1J,Hispanic,2011,Percent,0.1951
FRENCHMAN RE-3,Hispanic,2011,Percent,0.2093
MANZANOLA 3J,Hispanic,2011,Percent,0.2105
FORT MORGAN RE-3,Hispanic,2011,Percent,0.2214
GARFIELD 16,Hispanic,2011,Percent,0.2257
GILPIN COUNTY RE-1,Hispanic,2011,Percent,0.2326
EAST OTERO R-1,Hispanic,2011,Percent,0.2453
MONTE VISTA C-8,Hispanic,2011,Percent,0.2466
DELTA COUNTY 50(J),Hispanic,2011,Percent,0.2679
MEEKER RE1,Hispanic,2011,Percent,0.2778
HANOVER 28,Hispanic,2011,Percent,0.2787
HOLYOKE RE-1J,Hispanic,2011,Percent,0.2821
EAGLE COUNTY RE 50,Hispanic,2011,Percent,0.283
MESA COUNTY VALLEY 51,Hispanic,2011,Percent,0.2867
KEENESBURG RE-3(J),Hispanic,2011,Percent,0.2898
IGNACIO 11 JT,Hispanic,2011,Percent,0.2917
FOWLER R-4J,Hispanic,2011,Percent,0.2941
JOHNSTOWN-MILLIKEN RE-5J,Hispanic,2011,Percent,0.3
MONTEZUMA-CORTEZ RE-1,Hispanic,2011,Percent,0.3053
LAMAR RE-2,Hispanic,2011,Percent,0.3212
DEL NORTE C-7,Hispanic,2011,Percent,0.3235
EATON RE-2,Hispanic,2011,Percent,0.3256
HOEHNE REORGANIZED 3,Hispanic,2011,Percent,0.3333
JEFFERSON COUNTY R-1,Hispanic,2011,Percent,0.3448
FALCON 49,Hispanic,2011,Percent,0.3607
CROWLEY COUNTY RE-1-J,Hispanic,2011,Percent,0.3704
DOUGLAS COUNTY RE 1,Hispanic,2011,Percent,0.3919
LITTLETON 6,Hispanic,2011,Percent,0.3971
DOLORES RE-4A,Hispanic,2011,Percent,0.4041
FOUNTAIN 8,Hispanic,2011,Percent,0.4306
MANITOU SPRINGS 14,Hispanic,2011,Percent,0.4375
FLORENCE RE-2,Hispanic,2011,Percent,0.4444
ELIZABETH C-1,Hispanic,2011,Percent,0.5208
LEWIS-PALMER 38,Hispanic,2011,Percent,0.6165
LA VETA RE-2,Hispanic,2011,Percent,0.6316
GARFIELD RE-2,Hispanic,2011,Percent,LNE
GENOA-HUGO C113,Hispanic,2011,Percent,LNE
GUNNISON WATERSHED RE1J,Hispanic,2011,Percent,LNE
HARRISON 2,Hispanic,2011,Percent,LNE
HAXTUN RE-2J,Hispanic,2011,Percent,LNE
IDALIA SCHOOL DISTRICT RJ-3,Hispanic,2011,Percent,LNE
KARVAL RE-23,Hispanic,2011,Percent,LNE
KIM REORGANIZED 88,Hispanic,2011,Percent,LNE
KIOWA C-2,Hispanic,2011,Percent,LNE
KIT CARSON R-1,Hispanic,2011,Percent,LNE
LIBERTY SCHOOL DISTRICT J-4,Hispanic,2011,Percent,LNE
LIMON RE-4J,Hispanic,2011,Percent,LNE
LONE STAR 101,Hispanic,2011,Percent,LNE
MANCOS RE-6,Hispanic,2011,Percent,LNE
MIAMI/YODER 60 JT,Hispanic,2011,Percent,LNE
MOFFAT 2,Hispanic,2011,Percent,LNE
EAST YUMA COUNTY RJ-2,Hispanic,2011,Percent,N/A
CRIPPLE CREEK-VICTOR RE-1,Hispanic,2011,Percent,LNE
CUSTER COUNTY SCHOOL DISTRICT C-1,Hispanic,2011,Percent,LNE
DE BEQUE 49JT,Hispanic,2011,Percent,LNE
DEER TRAIL 26J,Hispanic,2011,Percent,LNE
DOLORES COUNTY RE NO.2,Hispanic,2011,Percent,LNE
DURANGO 9-R,Hispanic,2011,Percent,LNE
EADS RE-1,Hispanic,2011,Percent,LNE
EAST GRAND 2,Hispanic,2011,Percent,LNE
EDISON 54 JT,Hispanic,2011,Percent,LNE
ELBERT 200,Hispanic,2011,Percent,LNE
HAYDEN RE-1,Hispanic,2011,Percent,LNE
HINSDALE COUNTY RE 1,Hispanic,2011,Percent,LNE
HI-PLAINS R-23,Hispanic,2011,Percent,LNE
IGNACIO 11 JT,Native American,2011,Percent,0.0698
MONTEZUMA-CORTEZ RE-1,Native American,2011,Percent,0.0759
DURANGO 9-R,Native American,2011,Percent,0.1964
DENVER COUNTY 1,Native American,2011,Percent,0.2389
GREELEY 6,Native American,2011,Percent,0.3333
HARRISON 2,Native American,2011,Percent,0.3714
MESA COUNTY VALLEY 51,Native American,2011,Percent,0.4058
FOUNTAIN 8,Native American,2011,Percent,0.4118
JEFFERSON COUNTY R-1,Native American,2011,Percent,0.4235
FALCON 49,Native American,2011,Percent,0.4286
DOUGLAS COUNTY RE 1,Native American,2011,Percent,0.4923
EAGLE COUNTY RE 50,Native American,2011,Percent,0.5294
LITTLETON 6,Native American,2011,Percent,0.6316
EAST YUMA COUNTY RJ-2,Native American,2011,Percent,N/A
CRIPPLE CREEK-VICTOR RE-1,Native American,2011,Percent,LNE
CROWLEY COUNTY RE-1-J,Native American,2011,Percent,LNE
CUSTER COUNTY SCHOOL DISTRICT C-1,Native American,2011,Percent,LNE
DE BEQUE 49JT,Native American,2011,Percent,LNE
DEER TRAIL 26J,Native American,2011,Percent,LNE
DEL NORTE C-7,Native American,2011,Percent,LNE
DELTA COUNTY 50(J),Native American,2011,Percent,LNE
DOLORES COUNTY RE NO.2,Native American,2011,Percent,LNE
DOLORES RE-4A,Native American,2011,Percent,LNE
EADS RE-1,Native American,2011,Percent,LNE
EAST GRAND 2,Native American,2011,Percent,LNE
EAST OTERO R-1,Native American,2011,Percent,LNE
EATON RE-2,Native American,2011,Percent,LNE
EDISON 54 JT,Native American,2011,Percent,LNE
ELBERT 200,Native American,2011,Percent,LNE
ELIZABETH C-1,Native American,2011,Percent,LNE
ELLICOTT 22,Native American,2011,Percent,LNE
ENGLEWOOD 1,Native American,2011,Percent,LNE
FLORENCE RE-2,Native American,2011,Percent,LNE
FORT MORGAN RE-3,Native American,2011,Percent,LNE
FOWLER R-4J,Native American,2011,Percent,LNE
FRENCHMAN RE-3,Native American,2011,Percent,LNE
GARFIELD 16,Native American,2011,Percent,LNE
GARFIELD RE-2,Native American,2011,Percent,LNE
GENOA-HUGO C113,Native American,2011,Percent,LNE
GILPIN COUNTY RE-1,Native American,2011,Percent,LNE
GRANADA RE-1,Native American,2011,Percent,LNE
GUNNISON WATERSHED RE1J,Native American,2011,Percent,LNE
HANOVER 28,Native American,2011,Percent,LNE
HAXTUN RE-2J,Native American,2011,Percent,LNE
HAYDEN RE-1,Native American,2011,Percent,LNE
HINSDALE COUNTY RE 1,Native American,2011,Percent,LNE
HI-PLAINS R-23,Native American,2011,Percent,LNE
HOEHNE REORGANIZED 3,Native American,2011,Percent,LNE
HOLLY RE-3,Native American,2011,Percent,LNE
HOLYOKE RE-1J,Native American,2011,Percent,LNE
HUERFANO RE-1,Native American,2011,Percent,LNE
IDALIA SCHOOL DISTRICT RJ-3,Native American,2011,Percent,LNE
JOHNSTOWN-MILLIKEN RE-5J,Native American,2011,Percent,LNE
JULESBURG RE-1,Native American,2011,Percent,LNE
KARVAL RE-23,Native American,2011,Percent,LNE
KEENESBURG RE-3(J),Native American,2011,Percent,LNE
KIM REORGANIZED 88,Native American,2011,Percent,LNE
KIOWA C-2,Native American,2011,Percent,LNE
KIT CARSON R-1,Native American,2011,Percent,LNE
LA VETA RE-2,Native American,2011,Percent,LNE
LAKE COUNTY R-1,Native American,2011,Percent,LNE
LAMAR RE-2,Native American,2011,Percent,LNE
LAS ANIMAS RE-1,Native American,2011,Percent,LNE
LEWIS-PALMER 38,Native American,2011,Percent,LNE
LIBERTY SCHOOL DISTRICT J-4,Native American,2011,Percent,LNE
LIMON RE-4J,Native American,2011,Percent,LNE
LONE STAR 101,Native American,2011,Percent,LNE
MANCOS RE-6,Native American,2011,Percent,LNE
MANITOU SPRINGS 14,Native American,2011,Percent,LNE
MANZANOLA 3J,Native American,2011,Percent,LNE
MAPLETON 1,Native American,2011,Percent,LNE
MC CLAVE RE-2,Native American,2011,Percent,LNE
MEEKER RE1,Native American,2011,Percent,LNE
MIAMI/YODER 60 JT,Native American,2011,Percent,LNE
MOFFAT 2,Native American,2011,Percent,LNE
MOFFAT COUNTY RE:NO 1,Native American,2011,Percent,LNE
MONTE VISTA C-8,Native American,2011,Percent,LNE
MONTROSE COUNTY RE-1J,Native American,2011,Percent,LNE
MAPLETON 1,Two or more,2011,Percent,0.2903
FLORENCE RE-2,Two or more,2011,Percent,0.2941
GREELEY 6,Two or more,2011,Percent,0.3846
FALCON 49,Two or more,2011,Percent,0.4444
DENVER COUNTY 1,Two or more,2011,Percent,0.4503
HARRISON 2,Two or more,2011,Percent,0.4576
FOUNTAIN 8,Two or more,2011,Percent,0.4587
MONTEZUMA-CORTEZ RE-1,Two or more,2011,Percent,0.4737
MESA COUNTY VALLEY 51,Two or more,2011,Percent,0.5321
DELTA COUNTY 50(J),Two or more,2011,Percent,0.5789
DOUGLAS COUNTY RE 1,Two or more,2011,Percent,0.5792
JEFFERSON COUNTY R-1,Two or more,2011,Percent,0.5858
MONTROSE COUNTY RE-1J,Two or more,2011,Percent,0.6053
LEWIS-PALMER 38,Two or more,2011,Percent,0.6066
LITTLETON 6,Two or more,2011,Percent,0.6404
EAST YUMA COUNTY RJ-2,Two or more,2011,Percent,N/A
CRIPPLE CREEK-VICTOR RE-1,Two or more,2011,Percent,LNE
CROWLEY COUNTY RE-1-J,Two or more,2011,Percent,LNE
CUSTER COUNTY SCHOOL DISTRICT C-1,Two or more,2011,Percent,LNE
DE BEQUE 49JT,Two or more,2011,Percent,LNE
DEER TRAIL 26J,Two or more,2011,Percent,LNE
DEL NORTE C-7,Two or more,2011,Percent,LNE
DOLORES COUNTY RE NO.2,Two or more,2011,Percent,LNE
DOLORES RE-4A,Two or more,2011,Percent,LNE
DURANGO 9-R,Two or more,2011,Percent,LNE
EADS RE-1,Two or more,2011,Percent,LNE
EAGLE COUNTY RE 50,Two or more,2011,Percent,LNE
EAST GRAND 2,Two or more,2011,Percent,LNE
EAST OTERO R-1,Two or more,2011,Percent,LNE
EATON RE-2,Two or more,2011,Percent,LNE
EDISON 54 JT,Two or more,2011,Percent,LNE
ELBERT 200,Two or more,2011,Percent,LNE
ELIZABETH C-1,Two or more,2011,Percent,LNE
ELLICOTT 22,Two or more,2011,Percent,LNE
ENGLEWOOD 1,Two or more,2011,Percent,LNE
FORT MORGAN RE-3,Two or more,2011,Percent,LNE
FOWLER R-4J,Two or more,2011,Percent,LNE
FRENCHMAN RE-3,Two or more,2011,Percent,LNE
GARFIELD 16,Two or more,2011,Percent,LNE
GARFIELD RE-2,Two or more,2011,Percent,LNE
GENOA-HUGO C113,Two or more,2011,Percent,LNE
GILPIN COUNTY RE-1,Two or more,2011,Percent,LNE
GRANADA RE-1,Two or more,2011,Percent,LNE
GUNNISON WATERSHED RE1J,Two or more,2011,Percent,LNE
HANOVER 28,Two or more,2011,Percent,LNE
HAXTUN RE-2J,Two or more,2011,Percent,LNE
HAYDEN RE-1,Two or more,2011,Percent,LNE
HINSDALE COUNTY RE 1,Two or more,2011,Percent,LNE
HI-PLAINS R-23,Two or more,2011,Percent,LNE
HOEHNE REORGANIZED 3,Two or more,2011,Percent,LNE
HOLLY RE-3,Two or more,2011,Percent,LNE
HOLYOKE RE-1J,Two or more,2011,Percent,LNE
HUERFANO RE-1,Two or more,2011,Percent,LNE
IDALIA SCHOOL DISTRICT RJ-3,Two or more,2011,Percent,LNE
IGNACIO 11 JT,Two or more,2011,Percent,LNE
JOHNSTOWN-MILLIKEN RE-5J,Two or more,2011,Percent,LNE
JULESBURG RE-1,Two or more,2011,Percent,LNE
KARVAL RE-23,Two or more,2011,Percent,LNE
KEENESBURG RE-3(J),Two or more,2011,Percent,LNE
KIM REORGANIZED 88,Two or more,2011,Percent,LNE
KIOWA C-2,Two or more,2011,Percent,LNE
KIT CARSON R-1,Two or more,2011,Percent,LNE
LA VETA RE-2,Two or more,2011,Percent,LNE
LAKE COUNTY R-1,Two or more,2011,Percent,LNE
LAMAR RE-2,Two or more,2011,Percent,LNE
LAS ANIMAS RE-1,Two or more,2011,Percent,LNE
LIBERTY SCHOOL DISTRICT J-4,Two or more,2011,Percent,LNE
LIMON RE-4J,Two or more,2011,Percent,LNE
LONE STAR 101,Two or more,2011,Percent,LNE
MANCOS RE-6,Two or more,2011,Percent,LNE
MANITOU SPRINGS 14,Two or more,2011,Percent,LNE
MANZANOLA 3J,Two or more,2011,Percent,LNE
MC CLAVE RE-2,Two or more,2011,Percent,LNE
MEEKER RE1,Two or more,2011,Percent,LNE
MIAMI/YODER 60 JT,Two or more,2011,Percent,LNE
MOFFAT 2,Two or more,2011,Percent,LNE
MOFFAT COUNTY RE:NO 1,Two or more,2011,Percent,LNE
MONTE VISTA C-8,Two or more,2011,Percent,LNE
KARVAL RE-23,White,2011,Percent,0.1818
MIAMI/YODER 60 JT,White,2011,Percent,0.2857
FLORENCE RE-2,White,2011,Percent,0.3565
MOFFAT 2,White,2011,Percent,0.359
CRIPPLE CREEK-VICTOR RE-1,White,2011,Percent,0.3611
HANOVER 28,White,2011,Percent,0.3659
GENOA-HUGO C113,White,2011,Percent,0.3793
JULESBURG RE-1,White,2011,Percent,0.3829
MONTEZUMA-CORTEZ RE-1,White,2011,Percent,0.3849
ENGLEWOOD 1,White,2011,Percent,0.3908
DOLORES COUNTY RE NO.2,White,2011,Percent,0.4
MONTE VISTA C-8,White,2011,Percent,0.4026
HUERFANO RE-1,White,2011,Percent,0.4063
LAS ANIMAS RE-1,White,2011,Percent,0.4182
GARFIELD 16,White,2011,Percent,0.4214
HI-PLAINS R-23,White,2011,Percent,0.4286
MAPLETON 1,White,2011,Percent,0.4385
GILPIN COUNTY RE-1,White,2011,Percent,0.4493
ELLICOTT 22,White,2011,Percent,0.4516
HAXTUN RE-2J,White,2011,Percent,0.4762
EAST GRAND 2,White,2011,Percent,0.4774
MOFFAT COUNTY RE:NO 1,White,2011,Percent,0.4889
KEENESBURG RE-3(J),White,2011,Percent,0.4913
CROWLEY COUNTY RE-1-J,White,2011,Percent,0.4932
GREELEY 6,White,2011,Percent,0.502
HARRISON 2,White,2011,Percent,0.5058
HAYDEN RE-1,White,2011,Percent,0.5068
IGNACIO 11 JT,White,2011,Percent,0.5098
GARFIELD RE-2,White,2011,Percent,0.5153
FORT MORGAN RE-3,White,2011,Percent,0.5164
EAST OTERO R-1,White,2011,Percent,0.5175
GRANADA RE-1,White,2011,Percent,0.5263
KIT CARSON R-1,White,2011,Percent,0.5263
MONTROSE COUNTY RE-1J,White,2011,Percent,0.5275
JOHNSTOWN-MILLIKEN RE-5J,White,2011,Percent,0.5335
MANITOU SPRINGS 14,White,2011,Percent,0.5361
MESA COUNTY VALLEY 51,White,2011,Percent,0.5363
DELTA COUNTY 50(J),White,2011,Percent,0.5366
DEER TRAIL 26J,White,2011,Percent,0.5405
CUSTER COUNTY SCHOOL DISTRICT C-1,White,2011,Percent,0.5437
IDALIA SCHOOL DISTRICT RJ-3,White,2011,Percent,0.5455
FRENCHMAN RE-3,White,2011,Percent,0.55
LAMAR RE-2,White,2011,Percent,0.561
ELBERT 200,White,2011,Percent,0.5614
FOWLER R-4J,White,2011,Percent,0.5616
HOLLY RE-3,White,2011,Percent,0.5769
FOUNTAIN 8,White,2011,Percent,0.5784
FALCON 49,White,2011,Percent,0.5812
MEEKER RE1,White,2011,Percent,0.5913
DOLORES RE-4A,White,2011,Percent,0.604
LA VETA RE-2,White,2011,Percent,0.6061
KIOWA C-2,White,2011,Percent,0.6164
HOLYOKE RE-1J,White,2011,Percent,0.6176
MC CLAVE RE-2,White,2011,Percent,0.6176
LAKE COUNTY R-1,White,2011,Percent,0.625
DOUGLAS COUNTY RE 1,White,2011,Percent,0.6302
ELIZABETH C-1,White,2011,Percent,0.6367
GUNNISON WATERSHED RE1J,White,2011,Percent,0.6511
DENVER COUNTY 1,White,2011,Percent,0.6551
JEFFERSON COUNTY R-1,White,2011,Percent,0.6552
LIMON RE-4J,White,2011,Percent,0.6588
DEL NORTE C-7,White,2011,Percent,0.6667
DURANGO 9-R,White,2011,Percent,0.6798
MANCOS RE-6,White,2011,Percent,0.6833
HOEHNE REORGANIZED 3,White,2011,Percent,0.6923
LONE STAR 101,White,2011,Percent,0.6923
EATON RE-2,White,2011,Percent,0.703
LITTLETON 6,White,2011,Percent,0.7058
EADS RE-1,White,2011,Percent,0.7222
LEWIS-PALMER 38,White,2011,Percent,0.7343
EAGLE COUNTY RE 50,White,2011,Percent,0.7625
EDISON 54 JT,White,2011,Percent,0.7778
DE BEQUE 49JT,White,2011,Percent,LNE
HINSDALE COUNTY RE 1,White,2011,Percent,LNE
KIM REORGANIZED 88,White,2011,Percent,LNE
LIBERTY SCHOOL DISTRICT J-4,White,2011,Percent,LNE
MANZANOLA 3J,White,2011,Percent,LNE
EAST YUMA COUNTY RJ-2,White,2011,Percent,N/A
SHERIDAN 2,All Students,2011,Percent,0.1494
VILAS RE-5,All Students,2011,Percent,0.1735
WESTMINSTER 50,All Students,2011,Percent,0.1836
ROCKY FORD R-2,All Students,2011,Percent,0.1921
SOUTH CONEJOS RE-10,All Students,2011,Percent,0.2182
STRATTON R-4,All Students,2011,Percent,0.2759
TRINIDAD 1,All Students,2011,Percent,0.2957
PUEBLO CITY 60,All Students,2011,Percent,0.2974
WELD COUNTY S/D RE-8,All Students,2011,Percent,0.305
SIERRA GRANDE R-30,All Students,2011,Percent,0.3125
YUMA SCHOOL DISTRICT 1,All Students,2011,Percent,0.3155
PLAINVIEW RE-2,All Students,2011,Percent,0.3529
PLATEAU VALLEY 50,All Students,2011,Percent,0.3662
WIDEFIELD 3,All Students,2011,Percent,0.4103
SPRINGFIELD RE-4,All Students,2011,Percent,0.4242
WALSH RE-1,All Students,2011,Percent,0.4242
WELD COUNTY RE-1,All Students,2011,Percent,0.4275
WIGGINS RE-50(J),All Students,2011,Percent,0.43
PLATTE VALLEY RE-7,All Students,2011,Percent,0.4335
PRAIRIE RE-11,All Students,2011,Percent,0.439
SANFORD 6J,All Students,2011,Percent,0.4429
ROARING FORK RE-1,All Students,2011,Percent,0.4454
NORTHGLENN-THORNTON 12,All Students,2011,Percent,0.4463
WRAY SCHOOL DISTRICT RD-2,All Students,2011,Percent,0.4564
WILEY RE-13 JT,All Students,2011,Percent,0.4627
RANGELY RE-4,All Students,2011,Percent,0.4646
VALLEY RE-1,All Students,2011,Percent,0.4707
PUEBLO COUNTY RURAL 70,All Students,2011,Percent,0.4867
SANGRE DE CRISTO RE-22J,All Students,2011,Percent,0.5
WELDON VALLEY RE-20(J),All Students,2011,Percent,0.5
PRIMERO REORGANIZED 2,All Students,2011,Percent,0.5111
WEST GRAND 1-JT,All Students,2011,Percent,0.5119
WOODLIN R-104,All Students,2011,Percent,0.5185
STRASBURG 31J,All Students,2011,Percent,0.5253
OTIS R-3,All Students,2011,Percent,0.5278
SARGENT RE-33J,All Students,2011,Percent,0.5278
WEST END RE-2,All Students,2011,Percent,0.5286
ST VRAIN VALLEY RE 1J,All Students,2011,Percent,0.5323
SALIDA R-32,All Students,2011,Percent,0.5339
THOMPSON R-2J,All Students,2011,Percent,0.5366
SUMMIT RE-1,All Students,2011,Percent,0.5449
PARK COUNTY RE-2,All Students,2011,Percent,0.5505
SOUTH ROUTT RE 3,All Students,2011,Percent,0.5526
NORTH CONEJOS RE-1J,All Students,2011,Percent,0.5529
NORWOOD R-2J,All Students,2011,Percent,0.566
PEYTON 23 JT,All Students,2011,Percent,0.5723
WOODLAND PARK RE-2,All Students,2011,Percent,0.583
PAWNEE RE-12,All Students,2011,Percent,0.5833
PARK (ESTES PARK) R-3,All Students,2011,Percent,0.5902
PLATTE VALLEY RE-3,All Students,2011,Percent,0.6
WINDSOR RE-4,All Students,2011,Percent,0.6067
POUDRE R-1,All Students,2011,Percent,0.6109
SWINK 33,All Students,2011,Percent,0.6203
OURAY R-1,All Students,2011,Percent,0.6364
STEAMBOAT SPRINGS RE-2,All Students,2011,Percent,0.6528
PLATTE CANYON 1,All Students,2011,Percent,0.6549
PLATEAU RE-5,All Students,2011,Percent,0.6667
NORTH PARK R-1,All Students,2011,Percent,0.7097
RIDGWAY R-2,All Students,2011,Percent,0.7308
TELLURIDE R-1,All Students,2011,Percent,0.7652
MOUNTAIN VALLEY RE 1,All Students,2011,Percent,LNE
PRITCHETT RE-3,All Students,2011,Percent,LNE
SILVERTON 1,All Students,2011,Percent,LNE
WEST YUMA COUNTY RJ-1,All Students,2011,Percent,N/A
WESTMINSTER 50,Asian,2011,Percent,0.3252
WIDEFIELD 3,Asian,2011,Percent,0.4194
PUEBLO CITY 60,Asian,2011,Percent,0.5238
THOMPSON R-2J,Asian,2011,Percent,0.5472
NORTHGLENN-THORNTON 12,Asian,2011,Percent,0.5503
ST VRAIN VALLEY RE 1J,Asian,2011,Percent,0.665
POUDRE R-1,Asian,2011,Percent,0.7211
MOUNTAIN VALLEY RE 1,Asian,2011,Percent,LNE
NORTH CONEJOS RE-1J,Asian,2011,Percent,LNE
NORTH PARK R-1,Asian,2011,Percent,LNE
NORWOOD R-2J,Asian,2011,Percent,LNE
OTIS R-3,Asian,2011,Percent,LNE
OURAY R-1,Asian,2011,Percent,LNE
PARK (ESTES PARK) R-3,Asian,2011,Percent,LNE
PARK COUNTY RE-2,Asian,2011,Percent,LNE
PAWNEE RE-12,Asian,2011,Percent,LNE
PEYTON 23 JT,Asian,2011,Percent,LNE
PLAINVIEW RE-2,Asian,2011,Percent,LNE
PLATEAU RE-5,Asian,2011,Percent,LNE
PLATEAU VALLEY 50,Asian,2011,Percent,LNE
PLATTE CANYON 1,Asian,2011,Percent,LNE
PLATTE VALLEY RE-3,Asian,2011,Percent,LNE
PLATTE VALLEY RE-7,Asian,2011,Percent,LNE
PRAIRIE RE-11,Asian,2011,Percent,LNE
PRIMERO REORGANIZED 2,Asian,2011,Percent,LNE
PRITCHETT RE-3,Asian,2011,Percent,LNE
PUEBLO COUNTY RURAL 70,Asian,2011,Percent,LNE
RANGELY RE-4,Asian,2011,Percent,LNE
RIDGWAY R-2,Asian,2011,Percent,LNE
ROARING FORK RE-1,Asian,2011,Percent,LNE
ROCKY FORD R-2,Asian,2011,Percent,LNE
SALIDA R-32,Asian,2011,Percent,LNE
SANFORD 6J,Asian,2011,Percent,LNE
SANGRE DE CRISTO RE-22J,Asian,2011,Percent,LNE
SARGENT RE-33J,Asian,2011,Percent,LNE
SHERIDAN 2,Asian,2011,Percent,LNE
SIERRA GRANDE R-30,Asian,2011,Percent,LNE
SILVERTON 1,Asian,2011,Percent,LNE
SOUTH CONEJOS RE-10,Asian,2011,Percent,LNE
SOUTH ROUTT RE 3,Asian,2011,Percent,LNE
SPRINGFIELD RE-4,Asian,2011,Percent,LNE
STEAMBOAT SPRINGS RE-2,Asian,2011,Percent,LNE
STRASBURG 31J,Asian,2011,Percent,LNE
STRATTON R-4,Asian,2011,Percent,LNE
SUMMIT RE-1,Asian,2011,Percent,LNE
SWINK 33,Asian,2011,Percent,LNE
TELLURIDE R-1,Asian,2011,Percent,LNE
TRINIDAD 1,Asian,2011,Percent,LNE
VALLEY RE-1,Asian,2011,Percent,LNE
VILAS RE-5,Asian,2011,Percent,LNE
WALSH RE-1,Asian,2011,Percent,LNE
WELD COUNTY RE-1,Asian,2011,Percent,LNE
WELD COUNTY S/D RE-8,Asian,2011,Percent,LNE
WELDON VALLEY RE-20(J),Asian,2011,Percent,LNE
WEST END RE-2,Asian,2011,Percent,LNE
WEST GRAND 1-JT,Asian,2011,Percent,LNE
WIGGINS RE-50(J),Asian,2011,Percent,LNE
WILEY RE-13 JT,Asian,2011,Percent,LNE
WINDSOR RE-4,Asian,2011,Percent,LNE
WOODLAND PARK RE-2,Asian,2011,Percent,LNE
WOODLIN R-104,Asian,2011,Percent,LNE
WRAY SCHOOL DISTRICT RD-2,Asian,2011,Percent,LNE
YUMA SCHOOL DISTRICT 1,Asian,2011,Percent,LNE
WEST YUMA COUNTY RJ-1,Asian,2011,Percent,N/A
WESTMINSTER 50,Black,2011,Percent,0.1071
PUEBLO CITY 60,Black,2011,Percent,0.2346
WIDEFIELD 3,Black,2011,Percent,0.2928
POUDRE R-1,Black,2011,Percent,0.3117
THOMPSON R-2J,Black,2011,Percent,0.375
NORTHGLENN-THORNTON 12,Black,2011,Percent,0.395
ST VRAIN VALLEY RE 1J,Black,2011,Percent,0.4507
PUEBLO COUNTY RURAL 70,Black,2011,Percent,0.4667
WEST YUMA COUNTY RJ-1,Black,2011,Percent,N/A
MOUNTAIN VALLEY RE 1,Black,2011,Percent,LNE
NORTH CONEJOS RE-1J,Black,2011,Percent,LNE
NORTH PARK R-1,Black,2011,Percent,LNE
NORWOOD R-2J,Black,2011,Percent,LNE
OTIS R-3,Black,2011,Percent,LNE
OURAY R-1,Black,2011,Percent,LNE
PARK (ESTES PARK) R-3,Black,2011,Percent,LNE
PARK COUNTY RE-2,Black,2011,Percent,LNE
PAWNEE RE-12,Black,2011,Percent,LNE
PEYTON 23 JT,Black,2011,Percent,LNE
PLAINVIEW RE-2,Black,2011,Percent,LNE
PLATEAU RE-5,Black,2011,Percent,LNE
PLATEAU VALLEY 50,Black,2011,Percent,LNE
PLATTE CANYON 1,Black,2011,Percent,LNE
PLATTE VALLEY RE-3,Black,2011,Percent,LNE
PLATTE VALLEY RE-7,Black,2011,Percent,LNE
PRAIRIE RE-11,Black,2011,Percent,LNE
PRIMERO REORGANIZED 2,Black,2011,Percent,LNE
PRITCHETT RE-3,Black,2011,Percent,LNE
RANGELY RE-4,Black,2011,Percent,LNE
RIDGWAY R-2,Black,2011,Percent,LNE
ROARING FORK RE-1,Black,2011,Percent,LNE
ROCKY FORD R-2,Black,2011,Percent,LNE
SALIDA R-32,Black,2011,Percent,LNE
SANFORD 6J,Black,2011,Percent,LNE
SANGRE DE CRISTO RE-22J,Black,2011,Percent,LNE
SARGENT RE-33J,Black,2011,Percent,LNE
SHERIDAN 2,Black,2011,Percent,LNE
SIERRA GRANDE R-30,Black,2011,Percent,LNE
SILVERTON 1,Black,2011,Percent,LNE
SOUTH CONEJOS RE-10,Black,2011,Percent,LNE
SOUTH ROUTT RE 3,Black,2011,Percent,LNE
SPRINGFIELD RE-4,Black,2011,Percent,LNE
STEAMBOAT SPRINGS RE-2,Black,2011,Percent,LNE
STRASBURG 31J,Black,2011,Percent,LNE
STRATTON R-4,Black,2011,Percent,LNE
SUMMIT RE-1,Black,2011,Percent,LNE
SWINK 33,Black,2011,Percent,LNE
TELLURIDE R-1,Black,2011,Percent,LNE
TRINIDAD 1,Black,2011,Percent,LNE
VALLEY RE-1,Black,2011,Percent,LNE
VILAS RE-5,Black,2011,Percent,LNE
WALSH RE-1,Black,2011,Percent,LNE
WELD COUNTY RE-1,Black,2011,Percent,LNE
WELD COUNTY S/D RE-8,Black,2011,Percent,LNE
WELDON VALLEY RE-20(J),Black,2011,Percent,LNE
WEST END RE-2,Black,2011,Percent,LNE
WEST GRAND 1-JT,Black,2011,Percent,LNE
WIGGINS RE-50(J),Black,2011,Percent,LNE
WILEY RE-13 JT,Black,2011,Percent,LNE
WINDSOR RE-4,Black,2011,Percent,LNE
WOODLAND PARK RE-2,Black,2011,Percent,LNE
WOODLIN R-104,Black,2011,Percent,LNE
WRAY SCHOOL DISTRICT RD-2,Black,2011,Percent,LNE
YUMA SCHOOL DISTRICT 1,Black,2011,Percent,LNE
WIDEFIELD 3,Hawaiian/Pacific Islander,2011,Percent,0.3571
NORTHGLENN-THORNTON 12,Hawaiian/Pacific Islander,2011,Percent,0.6111
ST VRAIN VALLEY RE 1J,Hawaiian/Pacific Islander,2011,Percent,0.7059
WEST YUMA COUNTY RJ-1,Hawaiian/Pacific Islander,2011,Percent,N/A
MOUNTAIN VALLEY RE 1,Hawaiian/Pacific Islander,2011,Percent,LNE
NORTH CONEJOS RE-1J,Hawaiian/Pacific Islander,2011,Percent,LNE
NORTH PARK R-1,Hawaiian/Pacific Islander,2011,Percent,LNE
NORWOOD R-2J,Hawaiian/Pacific Islander,2011,Percent,LNE
OTIS R-3,Hawaiian/Pacific Islander,2011,Percent,LNE
OURAY R-1,Hawaiian/Pacific Islander,2011,Percent,LNE
PARK (ESTES PARK) R-3,Hawaiian/Pacific Islander,2011,Percent,LNE
PARK COUNTY RE-2,Hawaiian/Pacific Islander,2011,Percent,LNE
PAWNEE RE-12,Hawaiian/Pacific Islander,2011,Percent,LNE
PEYTON 23 JT,Hawaiian/Pacific Islander,2011,Percent,LNE
PLAINVIEW RE-2,Hawaiian/Pacific Islander,2011,Percent,LNE
PLATEAU RE-5,Hawaiian/Pacific Islander,2011,Percent,LNE
PLATEAU VALLEY 50,Hawaiian/Pacific Islander,2011,Percent,LNE
PLATTE CANYON 1,Hawaiian/Pacific Islander,2011,Percent,LNE
PLATTE VALLEY RE-3,Hawaiian/Pacific Islander,2011,Percent,LNE
PLATTE VALLEY RE-7,Hawaiian/Pacific Islander,2011,Percent,LNE
POUDRE R-1,Hawaiian/Pacific Islander,2011,Percent,LNE
PRAIRIE RE-11,Hawaiian/Pacific Islander,2011,Percent,LNE
PRIMERO REORGANIZED 2,Hawaiian/Pacific Islander,2011,Percent,LNE
PRITCHETT RE-3,Hawaiian/Pacific Islander,2011,Percent,LNE
PUEBLO CITY 60,Hawaiian/Pacific Islander,2011,Percent,LNE
PUEBLO COUNTY RURAL 70,Hawaiian/Pacific Islander,2011,Percent,LNE
RANGELY RE-4,Hawaiian/Pacific Islander,2011,Percent,LNE
RIDGWAY R-2,Hawaiian/Pacific Islander,2011,Percent,LNE
ROARING FORK RE-1,Hawaiian/Pacific Islander,2011,Percent,LNE
ROCKY FORD R-2,Hawaiian/Pacific Islander,2011,Percent,LNE
SALIDA R-32,Hawaiian/Pacific Islander,2011,Percent,LNE
SANFORD 6J,Hawaiian/Pacific Islander,2011,Percent,LNE
SANGRE DE CRISTO RE-22J,Hawaiian/Pacific Islander,2011,Percent,LNE
SARGENT RE-33J,Hawaiian/Pacific Islander,2011,Percent,LNE
SHERIDAN 2,Hawaiian/Pacific Islander,2011,Percent,LNE
SIERRA GRANDE R-30,Hawaiian/Pacific Islander,2011,Percent,LNE
SILVERTON 1,Hawaiian/Pacific Islander,2011,Percent,LNE
SOUTH CONEJOS RE-10,Hawaiian/Pacific Islander,2011,Percent,LNE
SOUTH ROUTT RE 3,Hawaiian/Pacific Islander,2011,Percent,LNE
SPRINGFIELD RE-4,Hawaiian/Pacific Islander,2011,Percent,LNE
STEAMBOAT SPRINGS RE-2,Hawaiian/Pacific Islander,2011,Percent,LNE
STRASBURG 31J,Hawaiian/Pacific Islander,2011,Percent,LNE
STRATTON R-4,Hawaiian/Pacific Islander,2011,Percent,LNE
SUMMIT RE-1,Hawaiian/Pacific Islander,2011,Percent,LNE
SWINK 33,Hawaiian/Pacific Islander,2011,Percent,LNE
TELLURIDE R-1,Hawaiian/Pacific Islander,2011,Percent,LNE
THOMPSON R-2J,Hawaiian/Pacific Islander,2011,Percent,LNE
TRINIDAD 1,Hawaiian/Pacific Islander,2011,Percent,LNE
VALLEY RE-1,Hawaiian/Pacific Islander,2011,Percent,LNE
VILAS RE-5,Hawaiian/Pacific Islander,2011,Percent,LNE
WALSH RE-1,Hawaiian/Pacific Islander,2011,Percent,LNE
WELD COUNTY RE-1,Hawaiian/Pacific Islander,2011,Percent,LNE
WELD COUNTY S/D RE-8,Hawaiian/Pacific Islander,2011,Percent,LNE
WELDON VALLEY RE-20(J),Hawaiian/Pacific Islander,2011,Percent,LNE
WEST END RE-2,Hawaiian/Pacific Islander,2011,Percent,LNE
WEST GRAND 1-JT,Hawaiian/Pacific Islander,2011,Percent,LNE
WESTMINSTER 50,Hawaiian/Pacific Islander,2011,Percent,LNE
WIGGINS RE-50(J),Hawaiian/Pacific Islander,2011,Percent,LNE
WILEY RE-13 JT,Hawaiian/Pacific Islander,2011,Percent,LNE
WINDSOR RE-4,Hawaiian/Pacific Islander,2011,Percent,LNE
WOODLAND PARK RE-2,Hawaiian/Pacific Islander,2011,Percent,LNE
WOODLIN R-104,Hawaiian/Pacific Islander,2011,Percent,LNE
WRAY SCHOOL DISTRICT RD-2,Hawaiian/Pacific Islander,2011,Percent,LNE
YUMA SCHOOL DISTRICT 1,Hawaiian/Pacific Islander,2011,Percent,LNE
VILAS RE-5,Hispanic,2011,Percent,0.0556
SHERIDAN 2,Hispanic,2011,Percent,0.1145
WEST GRAND 1-JT,Hispanic,2011,Percent,0.1176
WIGGINS RE-50(J),Hispanic,2011,Percent,0.129
SANFORD 6J,Hispanic,2011,Percent,0.1304
WESTMINSTER 50,Hispanic,2011,Percent,0.1322
PLATTE VALLEY RE-7,Hispanic,2011,Percent,0.1449
ROCKY FORD R-2,Hispanic,2011,Percent,0.1626
YUMA SCHOOL DISTRICT 1,Hispanic,2011,Percent,0.1647
SUMMIT RE-1,Hispanic,2011,Percent,0.1923
PARK (ESTES PARK) R-3,Hispanic,2011,Percent,0.2041
WELD COUNTY S/D RE-8,Hispanic,2011,Percent,0.2049
ROARING FORK RE-1,Hispanic,2011,Percent,0.2167
TRINIDAD 1,Hispanic,2011,Percent,0.2195
PRIMERO REORGANIZED 2,Hispanic,2011,Percent,0.2222
WRAY SCHOOL DISTRICT RD-2,Hispanic,2011,Percent,0.2222
SOUTH CONEJOS RE-10,Hispanic,2011,Percent,0.2292
ST VRAIN VALLEY RE 1J,Hispanic,2011,Percent,0.2318
PLATEAU VALLEY 50,Hispanic,2011,Percent,0.2353
PUEBLO CITY 60,Hispanic,2011,Percent,0.2355
TELLURIDE R-1,Hispanic,2011,Percent,0.2381
SIERRA GRANDE R-30,Hispanic,2011,Percent,0.2391
NORTHGLENN-THORNTON 12,Hispanic,2011,Percent,0.255
VALLEY RE-1,Hispanic,2011,Percent,0.2857
STRASBURG 31J,Hispanic,2011,Percent,0.2963
THOMPSON R-2J,Hispanic,2011,Percent,0.3022
POUDRE R-1,Hispanic,2011,Percent,0.3033
WIDEFIELD 3,Hispanic,2011,Percent,0.3102
STEAMBOAT SPRINGS RE-2,Hispanic,2011,Percent,0.3261
SALIDA R-32,Hispanic,2011,Percent,0.3333
WELD COUNTY RE-1,Hispanic,2011,Percent,0.3333
WINDSOR RE-4,Hispanic,2011,Percent,0.376
SANGRE DE CRISTO RE-22J,Hispanic,2011,Percent,0.381
SARGENT RE-33J,Hispanic,2011,Percent,0.3871
PUEBLO COUNTY RURAL 70,Hispanic,2011,Percent,0.4079
NORTH CONEJOS RE-1J,Hispanic,2011,Percent,0.4268
WILEY RE-13 JT,Hispanic,2011,Percent,0.5
WOODLAND PARK RE-2,Hispanic,2011,Percent,0.5106
SWINK 33,Hispanic,2011,Percent,0.625
MOUNTAIN VALLEY RE 1,Hispanic,2011,Percent,LNE
NORTH PARK R-1,Hispanic,2011,Percent,LNE
NORWOOD R-2J,Hispanic,2011,Percent,LNE
OTIS R-3,Hispanic,2011,Percent,LNE
OURAY R-1,Hispanic,2011,Percent,LNE
PARK COUNTY RE-2,Hispanic,2011,Percent,LNE
PAWNEE RE-12,Hispanic,2011,Percent,LNE
PEYTON 23 JT,Hispanic,2011,Percent,LNE
PLAINVIEW RE-2,Hispanic,2011,Percent,LNE
PLATTE CANYON 1,Hispanic,2011,Percent,LNE
PLATTE VALLEY RE-3,Hispanic,2011,Percent,LNE
PRAIRIE RE-11,Hispanic,2011,Percent,LNE
PRITCHETT RE-3,Hispanic,2011,Percent,LNE
RANGELY RE-4,Hispanic,2011,Percent,LNE
RIDGWAY R-2,Hispanic,2011,Percent,LNE
SILVERTON 1,Hispanic,2011,Percent,LNE
SOUTH ROUTT RE 3,Hispanic,2011,Percent,LNE
SPRINGFIELD RE-4,Hispanic,2011,Percent,LNE
STRATTON R-4,Hispanic,2011,Percent,LNE
WALSH RE-1,Hispanic,2011,Percent,LNE
WELDON VALLEY RE-20(J),Hispanic,2011,Percent,LNE
WEST END RE-2,Hispanic,2011,Percent,LNE
WOODLIN R-104,Hispanic,2011,Percent,LNE
WEST YUMA COUNTY RJ-1,Hispanic,2011,Percent,N/A
PLATEAU RE-5,Hispanic,2011,Percent,LNE
WESTMINSTER 50,Native American,2011,Percent,0.1765
PUEBLO COUNTY RURAL 70,Native American,2011,Percent,0.2778
NORTHGLENN-THORNTON 12,Native American,2011,Percent,0.3425
ST VRAIN VALLEY RE 1J,Native American,2011,Percent,0.4231
POUDRE R-1,Native American,2011,Percent,0.5116
WEST YUMA COUNTY RJ-1,Native American,2011,Percent,N/A
MOUNTAIN VALLEY RE 1,Native American,2011,Percent,LNE
NORTH CONEJOS RE-1J,Native American,2011,Percent,LNE
NORTH PARK R-1,Native American,2011,Percent,LNE
NORWOOD R-2J,Native American,2011,Percent,LNE
OTIS R-3,Native American,2011,Percent,LNE
OURAY R-1,Native American,2011,Percent,LNE
PARK (ESTES PARK) R-3,Native American,2011,Percent,LNE
PARK COUNTY RE-2,Native American,2011,Percent,LNE
PAWNEE RE-12,Native American,2011,Percent,LNE
PEYTON 23 JT,Native American,2011,Percent,LNE
PLAINVIEW RE-2,Native American,2011,Percent,LNE
PLATEAU RE-5,Native American,2011,Percent,LNE
PLATEAU VALLEY 50,Native American,2011,Percent,LNE
PLATTE CANYON 1,Native American,2011,Percent,LNE
PLATTE VALLEY RE-3,Native American,2011,Percent,LNE
PLATTE VALLEY RE-7,Native American,2011,Percent,LNE
PRAIRIE RE-11,Native American,2011,Percent,LNE
PRIMERO REORGANIZED 2,Native American,2011,Percent,LNE
PRITCHETT RE-3,Native American,2011,Percent,LNE
PUEBLO CITY 60,Native American,2011,Percent,LNE
RANGELY RE-4,Native American,2011,Percent,LNE
RIDGWAY R-2,Native American,2011,Percent,LNE
ROARING FORK RE-1,Native American,2011,Percent,LNE
ROCKY FORD R-2,Native American,2011,Percent,LNE
SALIDA R-32,Native American,2011,Percent,LNE
SANFORD 6J,Native American,2011,Percent,LNE
SANGRE DE CRISTO RE-22J,Native American,2011,Percent,LNE
SARGENT RE-33J,Native American,2011,Percent,LNE
SHERIDAN 2,Native American,2011,Percent,LNE
SIERRA GRANDE R-30,Native American,2011,Percent,LNE
SILVERTON 1,Native American,2011,Percent,LNE
SOUTH CONEJOS RE-10,Native American,2011,Percent,LNE
SOUTH ROUTT RE 3,Native American,2011,Percent,LNE
SPRINGFIELD RE-4,Native American,2011,Percent,LNE
STEAMBOAT SPRINGS RE-2,Native American,2011,Percent,LNE
STRASBURG 31J,Native American,2011,Percent,LNE
STRATTON R-4,Native American,2011,Percent,LNE
SUMMIT RE-1,Native American,2011,Percent,LNE
SWINK 33,Native American,2011,Percent,LNE
TELLURIDE R-1,Native American,2011,Percent,LNE
THOMPSON R-2J,Native American,2011,Percent,LNE
TRINIDAD 1,Native American,2011,Percent,LNE
VALLEY RE-1,Native American,2011,Percent,LNE
VILAS RE-5,Native American,2011,Percent,LNE
WALSH RE-1,Native American,2011,Percent,LNE
WELD COUNTY RE-1,Native American,2011,Percent,LNE
WELD COUNTY S/D RE-8,Native American,2011,Percent,LNE
WELDON VALLEY RE-20(J),Native American,2011,Percent,LNE
WEST END RE-2,Native American,2011,Percent,LNE
WEST GRAND 1-JT,Native American,2011,Percent,LNE
WIDEFIELD 3,Native American,2011,Percent,LNE
WIGGINS RE-50(J),Native American,2011,Percent,LNE
WILEY RE-13 JT,Native American,2011,Percent,LNE
WINDSOR RE-4,Native American,2011,Percent,LNE
WOODLAND PARK RE-2,Native American,2011,Percent,LNE
WOODLIN R-104,Native American,2011,Percent,LNE
WRAY SCHOOL DISTRICT RD-2,Native American,2011,Percent,LNE
YUMA SCHOOL DISTRICT 1,Native American,2011,Percent,LNE
PUEBLO COUNTY RURAL 70,Two or more,2011,Percent,0.4231
PUEBLO CITY 60,Two or more,2011,Percent,0.4286
WIDEFIELD 3,Two or more,2011,Percent,0.4528
NORTHGLENN-THORNTON 12,Two or more,2011,Percent,0.5301
THOMPSON R-2J,Two or more,2011,Percent,0.5333
ROARING FORK RE-1,Two or more,2011,Percent,0.625
POUDRE R-1,Two or more,2011,Percent,0.6291
ST VRAIN VALLEY RE 1J,Two or more,2011,Percent,0.6316
SUMMIT RE-1,Two or more,2011,Percent,0.7222
WINDSOR RE-4,Two or more,2011,Percent,0.7333
WEST YUMA COUNTY RJ-1,Two or more,2011,Percent,N/A
MOUNTAIN VALLEY RE 1,Two or more,2011,Percent,LNE
NORTH CONEJOS RE-1J,Two or more,2011,Percent,LNE
NORTH PARK R-1,Two or more,2011,Percent,LNE
NORWOOD R-2J,Two or more,2011,Percent,LNE
OTIS R-3,Two or more,2011,Percent,LNE
OURAY R-1,Two or more,2011,Percent,LNE
PARK (ESTES PARK) R-3,Two or more,2011,Percent,LNE
PARK COUNTY RE-2,Two or more,2011,Percent,LNE
PAWNEE RE-12,Two or more,2011,Percent,LNE
PEYTON 23 JT,Two or more,2011,Percent,LNE
PLAINVIEW RE-2,Two or more,2011,Percent,LNE
PLATEAU RE-5,Two or more,2011,Percent,LNE
PLATEAU VALLEY 50,Two or more,2011,Percent,LNE
PLATTE CANYON 1,Two or more,2011,Percent,LNE
PLATTE VALLEY RE-3,Two or more,2011,Percent,LNE
PLATTE VALLEY RE-7,Two or more,2011,Percent,LNE
PRAIRIE RE-11,Two or more,2011,Percent,LNE
PRIMERO REORGANIZED 2,Two or more,2011,Percent,LNE
PRITCHETT RE-3,Two or more,2011,Percent,LNE
RANGELY RE-4,Two or more,2011,Percent,LNE
RIDGWAY R-2,Two or more,2011,Percent,LNE
ROCKY FORD R-2,Two or more,2011,Percent,LNE
SALIDA R-32,Two or more,2011,Percent,LNE
SANFORD 6J,Two or more,2011,Percent,LNE
SANGRE DE CRISTO RE-22J,Two or more,2011,Percent,LNE
SARGENT RE-33J,Two or more,2011,Percent,LNE
SHERIDAN 2,Two or more,2011,Percent,LNE
SIERRA GRANDE R-30,Two or more,2011,Percent,LNE
SILVERTON 1,Two or more,2011,Percent,LNE
SOUTH CONEJOS RE-10,Two or more,2011,Percent,LNE
SOUTH ROUTT RE 3,Two or more,2011,Percent,LNE
SPRINGFIELD RE-4,Two or more,2011,Percent,LNE
STEAMBOAT SPRINGS RE-2,Two or more,2011,Percent,LNE
STRASBURG 31J,Two or more,2011,Percent,LNE
STRATTON R-4,Two or more,2011,Percent,LNE
SWINK 33,Two or more,2011,Percent,LNE
TELLURIDE R-1,Two or more,2011,Percent,LNE
TRINIDAD 1,Two or more,2011,Percent,LNE
VALLEY RE-1,Two or more,2011,Percent,LNE
VILAS RE-5,Two or more,2011,Percent,LNE
WALSH RE-1,Two or more,2011,Percent,LNE
WELD COUNTY RE-1,Two or more,2011,Percent,LNE
WELD COUNTY S/D RE-8,Two or more,2011,Percent,LNE
WELDON VALLEY RE-20(J),Two or more,2011,Percent,LNE
WEST END RE-2,Two or more,2011,Percent,LNE
WEST GRAND 1-JT,Two or more,2011,Percent,LNE
WESTMINSTER 50,Two or more,2011,Percent,LNE
WIGGINS RE-50(J),Two or more,2011,Percent,LNE
WILEY RE-13 JT,Two or more,2011,Percent,LNE
WOODLAND PARK RE-2,Two or more,2011,Percent,LNE
WOODLIN R-104,Two or more,2011,Percent,LNE
WRAY SCHOOL DISTRICT RD-2,Two or more,2011,Percent,LNE
YUMA SCHOOL DISTRICT 1,Two or more,2011,Percent,LNE
VILAS RE-5,White,2011,Percent,0.2
ROCKY FORD R-2,White,2011,Percent,0.2642
SHERIDAN 2,White,2011,Percent,0.2766
STRATTON R-4,White,2011,Percent,0.32
WESTMINSTER 50,White,2011,Percent,0.3333
PLATEAU VALLEY 50,White,2011,Percent,0.3846
SPRINGFIELD RE-4,White,2011,Percent,0.4107
PUEBLO CITY 60,White,2011,Percent,0.4274
YUMA SCHOOL DISTRICT 1,White,2011,Percent,0.44
WALSH RE-1,White,2011,Percent,0.4444
RANGELY RE-4,White,2011,Percent,0.4458
TRINIDAD 1,White,2011,Percent,0.4471
WILEY RE-13 JT,White,2011,Percent,0.451
WIDEFIELD 3,White,2011,Percent,0.4795
WOODLIN R-104,White,2011,Percent,0.48
WELD COUNTY S/D RE-8,White,2011,Percent,0.5141
WEST END RE-2,White,2011,Percent,0.5254
PUEBLO COUNTY RURAL 70,White,2011,Percent,0.527
WRAY SCHOOL DISTRICT RD-2,White,2011,Percent,0.5273
WELD COUNTY RE-1,White,2011,Percent,0.5309
PRAIRIE RE-11,White,2011,Percent,0.5313
WELDON VALLEY RE-20(J),White,2011,Percent,0.5349
PLATTE VALLEY RE-7,White,2011,Percent,0.5389
VALLEY RE-1,White,2011,Percent,0.5408
NORTHGLENN-THORNTON 12,White,2011,Percent,0.5419
OTIS R-3,White,2011,Percent,0.5429
SANGRE DE CRISTO RE-22J,White,2011,Percent,0.5625
SOUTH ROUTT RE 3,White,2011,Percent,0.5652
PARK COUNTY RE-2,White,2011,Percent,0.5745
STRASBURG 31J,White,2011,Percent,0.5746
WIGGINS RE-50(J),White,2011,Percent,0.5821
SWINK 33,White,2011,Percent,0.5833
SALIDA R-32,White,2011,Percent,0.5838
SANFORD 6J,White,2011,Percent,0.587
SARGENT RE-33J,White,2011,Percent,0.589
THOMPSON R-2J,White,2011,Percent,0.5903
WOODLAND PARK RE-2,White,2011,Percent,0.598
NORWOOD R-2J,White,2011,Percent,0.6
WEST GRAND 1-JT,White,2011,Percent,0.6061
PEYTON 23 JT,White,2011,Percent,0.6111
PAWNEE RE-12,White,2011,Percent,0.6364
WINDSOR RE-4,White,2011,Percent,0.6374
ST VRAIN VALLEY RE 1J,White,2011,Percent,0.6498
PLATEAU RE-5,White,2011,Percent,0.6667
SUMMIT RE-1,White,2011,Percent,0.6713
POUDRE R-1,White,2011,Percent,0.674
PLATTE CANYON 1,White,2011,Percent,0.6753
OURAY R-1,White,2011,Percent,0.6757
STEAMBOAT SPRINGS RE-2,White,2011,Percent,0.6862
PARK (ESTES PARK) R-3,White,2011,Percent,0.6978
ROARING FORK RE-1,White,2011,Percent,0.702
PRIMERO REORGANIZED 2,White,2011,Percent,0.7037
NORTH CONEJOS RE-1J,White,2011,Percent,0.7753
RIDGWAY R-2,White,2011,Percent,0.8226
NORTH PARK R-1,White,2011,Percent,0.8261
TELLURIDE R-1,White,2011,Percent,0.8704
MOUNTAIN VALLEY RE 1,White,2011,Percent,LNE
PLAINVIEW RE-2,White,2011,Percent,LNE
PLATTE VALLEY RE-3,White,2011,Percent,LNE
PRITCHETT RE-3,White,2011,Percent,LNE
SIERRA GRANDE R-30,White,2011,Percent,LNE
SILVERTON 1,White,2011,Percent,LNE
SOUTH CONEJOS RE-10,White,2011,Percent,LNE
WEST YUMA COUNTY RJ-1,White,2011,Percent,N/A
